{
  "__type__": "cc.SpriteFrame",
  "content": {
    "name": "enemy1",
    "atlas": "",
    "rect": {
      "x": 2,
      "y": 3,
      "width": 439,
      "height": 556
    },
    "offset": {
      "x": 0,
      "y": -0.5
    },
    "originalSize": {
      "width": 443,
      "height": 561
    },
    "rotated": false,
    "capInsets": [
      0,
      0,
      0,
      0
    ],
    "vertices": {
      "rawPosition": [
        -219.5,
        -278,
        0,
        219.5,
        -278,
        0,
        -219.5,
        278,
        0,
        219.5,
        278,
        0
      ],
      "indexes": [
        0,
        1,
        2,
        2,
        1,
        3
      ],
      "uv": [
        2,
        558,
        441,
        558,
        2,
        2,
        441,
        2
      ],
      "nuv": [
        0.004514672686230248,
        0.0035650623885918,
        0.9954853273137697,
        0.0035650623885918,
        0.004514672686230248,
        0.9946524064171123,
        0.9954853273137697,
        0.9946524064171123
      ],
      "minPos": {
        "x": -219.5,
        "y": -278,
        "z": 0
      },
      "maxPos": {
        "x": 219.5,
        "y": 278,
        "z": 0
      }
    },
    "texture": "350a10d1-4121-4870-b176-076f96544d71@6c48a",
    "packable": true,
    "pixelsToUnit": 100,
    "pivot": {
      "x": 0.5,
      "y": 0.5
    },
    "meshType": 0
  }
}