{
  "__type__": "cc.SpriteFrame",
  "content": {
    "name": "Explosion_6",
    "atlas": "",
    "rect": {
      "x": 69,
      "y": 238,
      "width": 384,
      "height": 264
    },
    "offset": {
      "x": 1,
      "y": -110
    },
    "originalSize": {
      "width": 520,
      "height": 520
    },
    "rotated": false,
    "capInsets": [
      0,
      0,
      0,
      0
    ],
    "vertices": {
      "rawPosition": [
        -192,
        -132,
        0,
        192,
        -132,
        0,
        -192,
        132,
        0,
        192,
        132,
        0
      ],
      "indexes": [
        0,
        1,
        2,
        2,
        1,
        3
      ],
      "uv": [
        69,
        282,
        453,
        282,
        69,
        18,
        453,
        18
      ],
      "nuv": [
        0.1326923076923077,
        0.03461538461538462,
        0.8711538461538462,
        0.03461538461538462,
        0.1326923076923077,
        0.5423076923076923,
        0.8711538461538462,
        0.5423076923076923
      ],
      "minPos": {
        "x": -192,
        "y": -132,
        "z": 0
      },
      "maxPos": {
        "x": 192,
        "y": 132,
        "z": 0
      }
    },
    "texture": "54e85d34-4040-4609-8fc1-33473043fa1f@6c48a",
    "packable": true,
    "pixelsToUnit": 100,
    "pivot": {
      "x": 0.5,
      "y": 0.5
    },
    "meshType": 0
  }
}