{
  "__type__": "cc.SpriteFrame",
  "content": {
    "name": "RUN1-01",
    "atlas": "",
    "rect": {
      "x": 16,
      "y": 14,
      "width": 104,
      "height": 135
    },
    "offset": {
      "x": 0,
      "y": 0
    },
    "originalSize": {
      "width": 136,
      "height": 163
    },
    "rotated": false,
    "capInsets": [
      0,
      0,
      0,
      0
    ],
    "vertices": {
      "rawPosition": [
        -52,
        -67.5,
        0,
        52,
        -67.5,
        0,
        -52,
        67.5,
        0,
        52,
        67.5,
        0
      ],
      "indexes": [
        0,
        1,
        2,
        2,
        1,
        3
      ],
      "uv": [
        16,
        149,
        120,
        149,
        16,
        14,
        120,
        14
      ],
      "nuv": [
        0.11764705882352941,
        0.08588957055214724,
        0.8823529411764706,
        0.08588957055214724,
        0.11764705882352941,
        0.9141104294478528,
        0.8823529411764706,
        0.9141104294478528
      ],
      "minPos": {
        "x": -52,
        "y": -67.5,
        "z": 0
      },
      "maxPos": {
        "x": 52,
        "y": 67.5,
        "z": 0
      }
    },
    "texture": "ae361037-7c5b-42dc-bee9-f3b20cbd67d0@6c48a",
    "packable": true,
    "pixelsToUnit": 100,
    "pivot": {
      "x": 0.5,
      "y": 0.5
    },
    "meshType": 0
  }
}