{
  "__type__": "cc.SpriteFrame",
  "content": {
    "name": "1",
    "atlas": "",
    "rect": {
      "x": 50,
      "y": 37,
      "width": 143,
      "height": 208
    },
    "offset": {
      "x": -33,
      "y": -12.5
    },
    "originalSize": {
      "width": 309,
      "height": 257
    },
    "rotated": false,
    "capInsets": [
      0,
      0,
      0,
      0
    ],
    "vertices": {
      "rawPosition": [
        -71.5,
        -104,
        0,
        71.5,
        -104,
        0,
        -71.5,
        104,
        0,
        71.5,
        104,
        0
      ],
      "indexes": [
        0,
        1,
        2,
        2,
        1,
        3
      ],
      "uv": [
        50,
        220,
        193,
        220,
        50,
        12,
        193,
        12
      ],
      "nuv": [
        0.16181229773462782,
        0.04669260700389105,
        0.6245954692556634,
        0.04669260700389105,
        0.16181229773462782,
        0.8560311284046692,
        0.6245954692556634,
        0.8560311284046692
      ],
      "minPos": {
        "x": -71.5,
        "y": -104,
        "z": 0
      },
      "maxPos": {
        "x": 71.5,
        "y": 104,
        "z": 0
      }
    },
    "texture": "56b57a7f-fbe1-4b0f-a316-6ae6bb9a751d@6c48a",
    "packable": true,
    "pixelsToUnit": 100,
    "pivot": {
      "x": 0.5,
      "y": 0.5
    },
    "meshType": 0
  }
}