{
  "__type__": "cc.SpriteFrame",
  "content": {
    "name": "10_enemies_1_run_015",
    "atlas": "",
    "rect": {
      "x": 36,
      "y": 37,
      "width": 140,
      "height": 176
    },
    "offset": {
      "x": -28.5,
      "y": -16
    },
    "originalSize": {
      "width": 269,
      "height": 218
    },
    "rotated": false,
    "capInsets": [
      0,
      0,
      0,
      0
    ],
    "vertices": {
      "rawPosition": [
        -70,
        -88,
        0,
        70,
        -88,
        0,
        -70,
        88,
        0,
        70,
        88,
        0
      ],
      "indexes": [
        0,
        1,
        2,
        2,
        1,
        3
      ],
      "uv": [
        36,
        181,
        176,
        181,
        36,
        5,
        176,
        5
      ],
      "nuv": [
        0.13382899628252787,
        0.022935779816513763,
        0.654275092936803,
        0.022935779816513763,
        0.13382899628252787,
        0.8302752293577982,
        0.654275092936803,
        0.8302752293577982
      ],
      "minPos": {
        "x": -70,
        "y": -88,
        "z": 0
      },
      "maxPos": {
        "x": 70,
        "y": 88,
        "z": 0
      }
    },
    "texture": "30904446-727a-4e1d-ae36-c6fb94db0286@6c48a",
    "packable": true,
    "pixelsToUnit": 100,
    "pivot": {
      "x": 0.5,
      "y": 0.5
    },
    "meshType": 0
  }
}