{
  "__type__": "cc.SpriteFrame",
  "content": {
    "name": "Explosion_10",
    "atlas": "",
    "rect": {
      "x": 2,
      "y": 172,
      "width": 517,
      "height": 338
    },
    "offset": {
      "x": 0.5,
      "y": -81
    },
    "originalSize": {
      "width": 520,
      "height": 520
    },
    "rotated": false,
    "capInsets": [
      0,
      0,
      0,
      0
    ],
    "vertices": {
      "rawPosition": [
        -258.5,
        -169,
        0,
        258.5,
        -169,
        0,
        -258.5,
        169,
        0,
        258.5,
        169,
        0
      ],
      "indexes": [
        0,
        1,
        2,
        2,
        1,
        3
      ],
      "uv": [
        2,
        348,
        519,
        348,
        2,
        10,
        519,
        10
      ],
      "nuv": [
        0.0038461538461538464,
        0.019230769230769232,
        0.9980769230769231,
        0.019230769230769232,
        0.0038461538461538464,
        0.6692307692307692,
        0.9980769230769231,
        0.6692307692307692
      ],
      "minPos": {
        "x": -258.5,
        "y": -169,
        "z": 0
      },
      "maxPos": {
        "x": 258.5,
        "y": 169,
        "z": 0
      }
    },
    "texture": "f4886ebd-dac6-48a7-bc7f-2df3c297db5b@6c48a",
    "packable": true,
    "pixelsToUnit": 100,
    "pivot": {
      "x": 0.5,
      "y": 0.5
    },
    "meshType": 0
  }
}