{
  "__type__": "cc.SpriteFrame",
  "content": {
    "name": "Explosion_10",
    "atlas": "",
    "rect": {
      "x": 15,
      "y": 34,
      "width": 521,
      "height": 483
    },
    "offset": {
      "x": 0.5,
      "y": -0.5
    },
    "originalSize": {
      "width": 550,
      "height": 550
    },
    "rotated": false,
    "capInsets": [
      0,
      0,
      0,
      0
    ],
    "vertices": {
      "rawPosition": [
        -260.5,
        -241.5,
        0,
        260.5,
        -241.5,
        0,
        -260.5,
        241.5,
        0,
        260.5,
        241.5,
        0
      ],
      "indexes": [
        0,
        1,
        2,
        2,
        1,
        3
      ],
      "uv": [
        15,
        516,
        536,
        516,
        15,
        33,
        536,
        33
      ],
      "nuv": [
        0.02727272727272727,
        0.06,
        0.9745454545454545,
        0.06,
        0.02727272727272727,
        0.9381818181818182,
        0.9745454545454545,
        0.9381818181818182
      ],
      "minPos": {
        "x": -260.5,
        "y": -241.5,
        "z": 0
      },
      "maxPos": {
        "x": 260.5,
        "y": 241.5,
        "z": 0
      }
    },
    "texture": "a0e0d978-02dc-4859-8289-f8fad89c25e4@6c48a",
    "packable": true,
    "pixelsToUnit": 100,
    "pivot": {
      "x": 0.5,
      "y": 0.5
    },
    "meshType": 0
  }
}