{
  "__type__": "cc.SpriteFrame",
  "content": {
    "name": "a",
    "atlas": "",
    "rect": {
      "x": 0,
      "y": 23,
      "width": 426,
      "height": 259
    },
    "offset": {
      "x": -8,
      "y": -1.5
    },
    "originalSize": {
      "width": 442,
      "height": 302
    },
    "rotated": false,
    "capInsets": [
      0,
      0,
      0,
      0
    ],
    "vertices": {
      "rawPosition": [
        -213,
        -129.5,
        0,
        213,
        -129.5,
        0,
        -213,
        129.5,
        0,
        213,
        129.5,
        0
      ],
      "indexes": [
        0,
        1,
        2,
        2,
        1,
        3
      ],
      "uv": [
        0,
        279,
        426,
        279,
        0,
        20,
        426,
        20
      ],
      "nuv": [
        0,
        0.06622516556291391,
        0.9638009049773756,
        0.06622516556291391,
        0,
        0.9238410596026491,
        0.9638009049773756,
        0.9238410596026491
      ],
      "minPos": {
        "x": -213,
        "y": -129.5,
        "z": 0
      },
      "maxPos": {
        "x": 213,
        "y": 129.5,
        "z": 0
      }
    },
    "texture": "e124de34-356d-4e6a-9708-359a9f55ae74@6c48a",
    "packable": true,
    "pixelsToUnit": 100,
    "pivot": {
      "x": 0.5,
      "y": 0.5
    },
    "meshType": 0
  }
}