{
  "__type__": "cc.SpriteFrame",
  "content": {
    "name": "die2",
    "atlas": "",
    "rect": {
      "x": 87,
      "y": 35,
      "width": 464,
      "height": 482
    },
    "offset": {
      "x": 2.5,
      "y": 2
    },
    "originalSize": {
      "width": 633,
      "height": 556
    },
    "rotated": false,
    "capInsets": [
      0,
      0,
      0,
      0
    ],
    "vertices": {
      "rawPosition": [
        -232,
        -241,
        0,
        232,
        -241,
        0,
        -232,
        241,
        0,
        232,
        241,
        0
      ],
      "indexes": [
        0,
        1,
        2,
        2,
        1,
        3
      ],
      "uv": [
        87,
        521,
        551,
        521,
        87,
        39,
        551,
        39
      ],
      "nuv": [
        0.13744075829383887,
        0.07014388489208633,
        0.8704581358609794,
        0.07014388489208633,
        0.13744075829383887,
        0.9370503597122302,
        0.8704581358609794,
        0.9370503597122302
      ],
      "minPos": {
        "x": -232,
        "y": -241,
        "z": 0
      },
      "maxPos": {
        "x": 232,
        "y": 241,
        "z": 0
      }
    },
    "texture": "c3e92020-1b9a-4e8a-b439-4d320a5c2200@6c48a",
    "packable": true,
    "pixelsToUnit": 100,
    "pivot": {
      "x": 0.5,
      "y": 0.5
    },
    "meshType": 0
  }
}