{
  "__type__": "cc.SpriteFrame",
  "content": {
    "name": "RUN3-01",
    "atlas": "",
    "rect": {
      "x": 3,
      "y": 0,
      "width": 116,
      "height": 141
    },
    "offset": {
      "x": 1.5,
      "y": 3.5
    },
    "originalSize": {
      "width": 119,
      "height": 148
    },
    "rotated": false,
    "capInsets": [
      0,
      0,
      0,
      0
    ],
    "vertices": {
      "rawPosition": [
        -58,
        -70.5,
        0,
        58,
        -70.5,
        0,
        -58,
        70.5,
        0,
        58,
        70.5,
        0
      ],
      "indexes": [
        0,
        1,
        2,
        2,
        1,
        3
      ],
      "uv": [
        3,
        148,
        119,
        148,
        3,
        7,
        119,
        7
      ],
      "nuv": [
        0.025210084033613446,
        0.0472972972972973,
        1,
        0.0472972972972973,
        0.025210084033613446,
        1,
        1,
        1
      ],
      "minPos": {
        "x": -58,
        "y": -70.5,
        "z": 0
      },
      "maxPos": {
        "x": 58,
        "y": 70.5,
        "z": 0
      }
    },
    "texture": "c0623083-c7ae-4436-8fbe-35ecf79595c5@6c48a",
    "packable": true,
    "pixelsToUnit": 100,
    "pivot": {
      "x": 0.5,
      "y": 0.5
    },
    "meshType": 0
  }
}