{
  "__type__": "cc.SpriteFrame",
  "content": {
    "name": "RUN6-01",
    "atlas": "",
    "rect": {
      "x": 10,
      "y": 7,
      "width": 116,
      "height": 149
    },
    "offset": {
      "x": 0,
      "y": 0
    },
    "originalSize": {
      "width": 136,
      "height": 163
    },
    "rotated": false,
    "capInsets": [
      0,
      0,
      0,
      0
    ],
    "vertices": {
      "rawPosition": [
        -58,
        -74.5,
        0,
        58,
        -74.5,
        0,
        -58,
        74.5,
        0,
        58,
        74.5,
        0
      ],
      "indexes": [
        0,
        1,
        2,
        2,
        1,
        3
      ],
      "uv": [
        10,
        156,
        126,
        156,
        10,
        7,
        126,
        7
      ],
      "nuv": [
        0.07352941176470588,
        0.04294478527607362,
        0.9264705882352942,
        0.04294478527607362,
        0.07352941176470588,
        0.9570552147239264,
        0.9264705882352942,
        0.9570552147239264
      ],
      "minPos": {
        "x": -58,
        "y": -74.5,
        "z": 0
      },
      "maxPos": {
        "x": 58,
        "y": 74.5,
        "z": 0
      }
    },
    "texture": "da94b131-3c1c-449d-8145-399a9bddb002@6c48a",
    "packable": true,
    "pixelsToUnit": 100,
    "pivot": {
      "x": 0.5,
      "y": 0.5
    },
    "meshType": 0
  }
}