{
  "__type__": "cc.SpriteFrame",
  "content": {
    "name": "dan7-02",
    "atlas": "",
    "rect": {
      "x": 160,
      "y": 97,
      "width": 834,
      "height": 950
    },
    "offset": {
      "x": -33,
      "y": -37.5
    },
    "originalSize": {
      "width": 1220,
      "height": 1069
    },
    "rotated": false,
    "capInsets": [
      0,
      0,
      0,
      0
    ],
    "vertices": {
      "rawPosition": [
        -417,
        -475,
        0,
        417,
        -475,
        0,
        -417,
        475,
        0,
        417,
        475,
        0
      ],
      "indexes": [
        0,
        1,
        2,
        2,
        1,
        3
      ],
      "uv": [
        160,
        972,
        994,
        972,
        160,
        22,
        994,
        22
      ],
      "nuv": [
        0.13114754098360656,
        0.0205799812909261,
        0.8147540983606557,
        0.0205799812909261,
        0.13114754098360656,
        0.9092609915809168,
        0.8147540983606557,
        0.9092609915809168
      ],
      "minPos": {
        "x": -417,
        "y": -475,
        "z": 0
      },
      "maxPos": {
        "x": 417,
        "y": 475,
        "z": 0
      }
    },
    "texture": "0f730b59-fa70-45e2-8675-2c64faab4879@6c48a",
    "packable": true,
    "pixelsToUnit": 100,
    "pivot": {
      "x": 0.5,
      "y": 0.5
    },
    "meshType": 0
  }
}