{
  "__type__": "cc.SpriteFrame",
  "content": {
    "name": "Explosion_8",
    "atlas": "",
    "rect": {
      "x": 118,
      "y": 126,
      "width": 565,
      "height": 532
    },
    "offset": {
      "x": 0.5,
      "y": 8
    },
    "originalSize": {
      "width": 800,
      "height": 800
    },
    "rotated": false,
    "capInsets": [
      0,
      0,
      0,
      0
    ],
    "vertices": {
      "rawPosition": [
        -282.5,
        -266,
        0,
        282.5,
        -266,
        0,
        -282.5,
        266,
        0,
        282.5,
        266,
        0
      ],
      "indexes": [
        0,
        1,
        2,
        2,
        1,
        3
      ],
      "uv": [
        118,
        674,
        683,
        674,
        118,
        142,
        683,
        142
      ],
      "nuv": [
        0.1475,
        0.1775,
        0.85375,
        0.1775,
        0.1475,
        0.8425,
        0.85375,
        0.8425
      ],
      "minPos": {
        "x": -282.5,
        "y": -266,
        "z": 0
      },
      "maxPos": {
        "x": 282.5,
        "y": 266,
        "z": 0
      }
    },
    "texture": "b66cd7c1-1b3a-4580-8ded-7657e2b69b0d@6c48a",
    "packable": true,
    "pixelsToUnit": 100,
    "pivot": {
      "x": 0.5,
      "y": 0.5
    },
    "meshType": 0
  }
}