{
  "__type__": "cc.SpriteFrame",
  "content": {
    "name": "Explosion_4",
    "atlas": "",
    "rect": {
      "x": 136,
      "y": 290,
      "width": 249,
      "height": 192
    },
    "offset": {
      "x": 0.5,
      "y": -126
    },
    "originalSize": {
      "width": 520,
      "height": 520
    },
    "rotated": false,
    "capInsets": [
      0,
      0,
      0,
      0
    ],
    "vertices": {
      "rawPosition": [
        -124.5,
        -96,
        0,
        124.5,
        -96,
        0,
        -124.5,
        96,
        0,
        124.5,
        96,
        0
      ],
      "indexes": [
        0,
        1,
        2,
        2,
        1,
        3
      ],
      "uv": [
        136,
        230,
        385,
        230,
        136,
        38,
        385,
        38
      ],
      "nuv": [
        0.26153846153846155,
        0.07307692307692308,
        0.7403846153846154,
        0.07307692307692308,
        0.26153846153846155,
        0.4423076923076923,
        0.7403846153846154,
        0.4423076923076923
      ],
      "minPos": {
        "x": -124.5,
        "y": -96,
        "z": 0
      },
      "maxPos": {
        "x": 124.5,
        "y": 96,
        "z": 0
      }
    },
    "texture": "a720b3d6-88cb-4eab-90c7-bab99253a6da@6c48a",
    "packable": true,
    "pixelsToUnit": 100,
    "pivot": {
      "x": 0.5,
      "y": 0.5
    },
    "meshType": 0
  }
}