{
  "__type__": "cc.SpriteFrame",
  "content": {
    "name": "RUN5-01",
    "atlas": "",
    "rect": {
      "x": 11,
      "y": 15,
      "width": 114,
      "height": 139
    },
    "offset": {
      "x": 0,
      "y": -3
    },
    "originalSize": {
      "width": 136,
      "height": 163
    },
    "rotated": false,
    "capInsets": [
      0,
      0,
      0,
      0
    ],
    "vertices": {
      "rawPosition": [
        -57,
        -69.5,
        0,
        57,
        -69.5,
        0,
        -57,
        69.5,
        0,
        57,
        69.5,
        0
      ],
      "indexes": [
        0,
        1,
        2,
        2,
        1,
        3
      ],
      "uv": [
        11,
        148,
        125,
        148,
        11,
        9,
        125,
        9
      ],
      "nuv": [
        0.08088235294117647,
        0.05521472392638037,
        0.9191176470588235,
        0.05521472392638037,
        0.08088235294117647,
        0.9079754601226994,
        0.9191176470588235,
        0.9079754601226994
      ],
      "minPos": {
        "x": -57,
        "y": -69.5,
        "z": 0
      },
      "maxPos": {
        "x": 57,
        "y": 69.5,
        "z": 0
      }
    },
    "texture": "a7d85382-0f53-44d9-8d7e-017d883fb643@6c48a",
    "packable": true,
    "pixelsToUnit": 100,
    "pivot": {
      "x": 0.5,
      "y": 0.5
    },
    "meshType": 0
  }
}