{
  "__type__": "cc.SpriteFrame",
  "content": {
    "name": "Explosion_7",
    "atlas": "",
    "rect": {
      "x": 48,
      "y": 79,
      "width": 444,
      "height": 416
    },
    "offset": {
      "x": -5,
      "y": -12
    },
    "originalSize": {
      "width": 550,
      "height": 550
    },
    "rotated": false,
    "capInsets": [
      0,
      0,
      0,
      0
    ],
    "vertices": {
      "rawPosition": [
        -222,
        -208,
        0,
        222,
        -208,
        0,
        -222,
        208,
        0,
        222,
        208,
        0
      ],
      "indexes": [
        0,
        1,
        2,
        2,
        1,
        3
      ],
      "uv": [
        48,
        471,
        492,
        471,
        48,
        55,
        492,
        55
      ],
      "nuv": [
        0.08727272727272728,
        0.1,
        0.8945454545454545,
        0.1,
        0.08727272727272728,
        0.8563636363636363,
        0.8945454545454545,
        0.8563636363636363
      ],
      "minPos": {
        "x": -222,
        "y": -208,
        "z": 0
      },
      "maxPos": {
        "x": 222,
        "y": 208,
        "z": 0
      }
    },
    "texture": "96d38d26-6257-4513-bd63-1658e57b10f0@6c48a",
    "packable": true,
    "pixelsToUnit": 100,
    "pivot": {
      "x": 0.5,
      "y": 0.5
    },
    "meshType": 0
  }
}