{
  "__type__": "cc.SpriteFrame",
  "content": {
    "name": "dan 6-02",
    "atlas": "",
    "rect": {
      "x": 161,
      "y": 108,
      "width": 822,
      "height": 921
    },
    "offset": {
      "x": -38,
      "y": -34
    },
    "originalSize": {
      "width": 1220,
      "height": 1069
    },
    "rotated": false,
    "capInsets": [
      0,
      0,
      0,
      0
    ],
    "vertices": {
      "rawPosition": [
        -411,
        -460.5,
        0,
        411,
        -460.5,
        0,
        -411,
        460.5,
        0,
        411,
        460.5,
        0
      ],
      "indexes": [
        0,
        1,
        2,
        2,
        1,
        3
      ],
      "uv": [
        161,
        961,
        983,
        961,
        161,
        40,
        983,
        40
      ],
      "nuv": [
        0.1319672131147541,
        0.037418147801683815,
        0.8057377049180328,
        0.037418147801683815,
        0.1319672131147541,
        0.8989710009354537,
        0.8057377049180328,
        0.8989710009354537
      ],
      "minPos": {
        "x": -411,
        "y": -460.5,
        "z": 0
      },
      "maxPos": {
        "x": 411,
        "y": 460.5,
        "z": 0
      }
    },
    "texture": "231e6d4c-edbe-4b67-9994-2207c608da2f@6c48a",
    "packable": true,
    "pixelsToUnit": 100,
    "pivot": {
      "x": 0.5,
      "y": 0.5
    },
    "meshType": 0
  }
}