{
  "__type__": "cc.SpriteFrame",
  "content": {
    "name": "character",
    "atlas": "",
    "rect": {
      "x": 2,
      "y": 2,
      "width": 1053,
      "height": 282
    },
    "offset": {
      "x": 0,
      "y": 0
    },
    "originalSize": {
      "width": 1057,
      "height": 286
    },
    "rotated": false,
    "capInsets": [
      0,
      0,
      0,
      0
    ],
    "vertices": {
      "rawPosition": [
        -526.5,
        -141,
        0,
        526.5,
        -141,
        0,
        -526.5,
        141,
        0,
        526.5,
        141,
        0
      ],
      "indexes": [
        0,
        1,
        2,
        2,
        1,
        3
      ],
      "uv": [
        2,
        284,
        1055,
        284,
        2,
        2,
        1055,
        2
      ],
      "nuv": [
        0.001892147587511826,
        0.006993006993006993,
        0.9981078524124882,
        0.006993006993006993,
        0.001892147587511826,
        0.993006993006993,
        0.9981078524124882,
        0.993006993006993
      ],
      "minPos": {
        "x": -526.5,
        "y": -141,
        "z": 0
      },
      "maxPos": {
        "x": 526.5,
        "y": 141,
        "z": 0
      }
    },
    "texture": "3d17df64-7700-4e42-bd58-4519c384e478@6c48a",
    "packable": true,
    "pixelsToUnit": 100,
    "pivot": {
      "x": 0.5,
      "y": 0.5
    },
    "meshType": 0
  }
}