{
  "__type__": "cc.SpriteFrame",
  "content": {
    "name": "Explosion_5",
    "atlas": "",
    "rect": {
      "x": 108,
      "y": 256,
      "width": 305,
      "height": 224
    },
    "offset": {
      "x": 0.5,
      "y": -108
    },
    "originalSize": {
      "width": 520,
      "height": 520
    },
    "rotated": false,
    "capInsets": [
      0,
      0,
      0,
      0
    ],
    "vertices": {
      "rawPosition": [
        -152.5,
        -112,
        0,
        152.5,
        -112,
        0,
        -152.5,
        112,
        0,
        152.5,
        112,
        0
      ],
      "indexes": [
        0,
        1,
        2,
        2,
        1,
        3
      ],
      "uv": [
        108,
        264,
        413,
        264,
        108,
        40,
        413,
        40
      ],
      "nuv": [
        0.2076923076923077,
        0.07692307692307693,
        0.7942307692307692,
        0.07692307692307693,
        0.2076923076923077,
        0.5076923076923077,
        0.7942307692307692,
        0.5076923076923077
      ],
      "minPos": {
        "x": -152.5,
        "y": -112,
        "z": 0
      },
      "maxPos": {
        "x": 152.5,
        "y": 112,
        "z": 0
      }
    },
    "texture": "3dfe3a5e-a8af-46c0-9b45-8be3b2f4bd13@6c48a",
    "packable": true,
    "pixelsToUnit": 100,
    "pivot": {
      "x": 0.5,
      "y": 0.5
    },
    "meshType": 0
  }
}