{
  "__type__": "cc.SpriteFrame",
  "content": {
    "name": "RUN2-01",
    "atlas": "",
    "rect": {
      "x": 8,
      "y": 15,
      "width": 120,
      "height": 137
    },
    "offset": {
      "x": 0,
      "y": -2
    },
    "originalSize": {
      "width": 136,
      "height": 163
    },
    "rotated": false,
    "capInsets": [
      0,
      0,
      0,
      0
    ],
    "vertices": {
      "rawPosition": [
        -60,
        -68.5,
        0,
        60,
        -68.5,
        0,
        -60,
        68.5,
        0,
        60,
        68.5,
        0
      ],
      "indexes": [
        0,
        1,
        2,
        2,
        1,
        3
      ],
      "uv": [
        8,
        148,
        128,
        148,
        8,
        11,
        128,
        11
      ],
      "nuv": [
        0.058823529411764705,
        0.06748466257668712,
        0.9411764705882353,
        0.06748466257668712,
        0.058823529411764705,
        0.9079754601226994,
        0.9411764705882353,
        0.9079754601226994
      ],
      "minPos": {
        "x": -60,
        "y": -68.5,
        "z": 0
      },
      "maxPos": {
        "x": 60,
        "y": 68.5,
        "z": 0
      }
    },
    "texture": "d36f484f-b007-4855-9ac7-61187558dfd2@6c48a",
    "packable": true,
    "pixelsToUnit": 100,
    "pivot": {
      "x": 0.5,
      "y": 0.5
    },
    "meshType": 0
  }
}