{
  "__type__": "cc.SpriteFrame",
  "content": {
    "name": "BG-01",
    "atlas": "",
    "rect": {
      "x": 0,
      "y": 0,
      "width": 1046,
      "height": 840
    },
    "offset": {
      "x": 0,
      "y": 43
    },
    "originalSize": {
      "width": 1046,
      "height": 926
    },
    "rotated": false,
    "capInsets": [
      0,
      0,
      0,
      0
    ],
    "vertices": {
      "rawPosition": [
        -523,
        -420,
        0,
        523,
        -420,
        0,
        -523,
        420,
        0,
        523,
        420,
        0
      ],
      "indexes": [
        0,
        1,
        2,
        2,
        1,
        3
      ],
      "uv": [
        0,
        926,
        1046,
        926,
        0,
        86,
        1046,
        86
      ],
      "nuv": [
        0,
        0.09287257019438445,
        1,
        0.09287257019438445,
        0,
        1,
        1,
        1
      ],
      "minPos": {
        "x": -523,
        "y": -420,
        "z": 0
      },
      "maxPos": {
        "x": 523,
        "y": 420,
        "z": 0
      }
    },
    "texture": "ed0d41bb-7d1d-421b-8d6e-1e5f1916558a@6c48a",
    "packable": true,
    "pixelsToUnit": 100,
    "pivot": {
      "x": 0.5,
      "y": 0.5
    },
    "meshType": 0
  }
}