{
  "__type__": "cc.SpriteFrame",
  "content": {
    "name": "dan 4-02",
    "atlas": "",
    "rect": {
      "x": 45,
      "y": 21,
      "width": 201,
      "height": 218
    },
    "offset": {
      "x": -7,
      "y": 3.5
    },
    "originalSize": {
      "width": 305,
      "height": 267
    },
    "rotated": false,
    "capInsets": [
      0,
      0,
      0,
      0
    ],
    "vertices": {
      "rawPosition": [
        -100.5,
        -109,
        0,
        100.5,
        -109,
        0,
        -100.5,
        109,
        0,
        100.5,
        109,
        0
      ],
      "indexes": [
        0,
        1,
        2,
        2,
        1,
        3
      ],
      "uv": [
        45,
        246,
        246,
        246,
        45,
        28,
        246,
        28
      ],
      "nuv": [
        0.14754098360655737,
        0.10486891385767791,
        0.8065573770491803,
        0.10486891385767791,
        0.14754098360655737,
        0.9213483146067416,
        0.8065573770491803,
        0.9213483146067416
      ],
      "minPos": {
        "x": -100.5,
        "y": -109,
        "z": 0
      },
      "maxPos": {
        "x": 100.5,
        "y": 109,
        "z": 0
      }
    },
    "texture": "aceff1fa-4c6f-4582-b542-4281995787d1@6c48a",
    "packable": true,
    "pixelsToUnit": 100,
    "pivot": {
      "x": 0.5,
      "y": 0.5
    },
    "meshType": 0
  }
}