{
  "__type__": "cc.SpriteFrame",
  "content": {
    "name": "RUN1-01",
    "atlas": "",
    "rect": {
      "x": 16,
      "y": 0,
      "width": 103,
      "height": 135
    },
    "offset": {
      "x": 8,
      "y": 6.5
    },
    "originalSize": {
      "width": 119,
      "height": 148
    },
    "rotated": false,
    "capInsets": [
      0,
      0,
      0,
      0
    ],
    "vertices": {
      "rawPosition": [
        -51.5,
        -67.5,
        0,
        51.5,
        -67.5,
        0,
        -51.5,
        67.5,
        0,
        51.5,
        67.5,
        0
      ],
      "indexes": [
        0,
        1,
        2,
        2,
        1,
        3
      ],
      "uv": [
        16,
        148,
        119,
        148,
        16,
        13,
        119,
        13
      ],
      "nuv": [
        0.13445378151260504,
        0.08783783783783784,
        1,
        0.08783783783783784,
        0.13445378151260504,
        1,
        1,
        1
      ],
      "minPos": {
        "x": -51.5,
        "y": -67.5,
        "z": 0
      },
      "maxPos": {
        "x": 51.5,
        "y": 67.5,
        "z": 0
      }
    },
    "texture": "194a76cb-3124-4e6e-82b5-238dec058a9d@6c48a",
    "packable": true,
    "pixelsToUnit": 100,
    "pivot": {
      "x": 0.5,
      "y": 0.5
    },
    "meshType": 0
  }
}