{
  "__type__": "cc.SpriteFrame",
  "content": {
    "name": "RUN6-01",
    "atlas": "",
    "rect": {
      "x": 4,
      "y": 0,
      "width": 115,
      "height": 148
    },
    "offset": {
      "x": 2,
      "y": 0
    },
    "originalSize": {
      "width": 119,
      "height": 148
    },
    "rotated": false,
    "capInsets": [
      0,
      0,
      0,
      0
    ],
    "vertices": {
      "rawPosition": [
        -57.5,
        -74,
        0,
        57.5,
        -74,
        0,
        -57.5,
        74,
        0,
        57.5,
        74,
        0
      ],
      "indexes": [
        0,
        1,
        2,
        2,
        1,
        3
      ],
      "uv": [
        4,
        148,
        119,
        148,
        4,
        0,
        119,
        0
      ],
      "nuv": [
        0.03361344537815126,
        0,
        1,
        0,
        0.03361344537815126,
        1,
        1,
        1
      ],
      "minPos": {
        "x": -57.5,
        "y": -74,
        "z": 0
      },
      "maxPos": {
        "x": 57.5,
        "y": 74,
        "z": 0
      }
    },
    "texture": "4b0d779d-b8c1-4281-ab9b-7533f7ee10ac@6c48a",
    "packable": true,
    "pixelsToUnit": 100,
    "pivot": {
      "x": 0.5,
      "y": 0.5
    },
    "meshType": 0
  }
}