{
  "__type__": "cc.SpriteFrame",
  "content": {
    "name": "enemy1-1",
    "atlas": "",
    "rect": {
      "x": 71,
      "y": 56,
      "width": 167,
      "height": 193
    },
    "offset": {
      "x": 7.5,
      "y": -15
    },
    "originalSize": {
      "width": 294,
      "height": 275
    },
    "rotated": false,
    "capInsets": [
      0,
      0,
      0,
      0
    ],
    "vertices": {
      "rawPosition": [
        -83.5,
        -96.5,
        0,
        83.5,
        -96.5,
        0,
        -83.5,
        96.5,
        0,
        83.5,
        96.5,
        0
      ],
      "indexes": [
        0,
        1,
        2,
        2,
        1,
        3
      ],
      "uv": [
        71,
        219,
        238,
        219,
        71,
        26,
        238,
        26
      ],
      "nuv": [
        0.24149659863945577,
        0.09454545454545454,
        0.8095238095238095,
        0.09454545454545454,
        0.24149659863945577,
        0.7963636363636364,
        0.8095238095238095,
        0.7963636363636364
      ],
      "minPos": {
        "x": -83.5,
        "y": -96.5,
        "z": 0
      },
      "maxPos": {
        "x": 83.5,
        "y": 96.5,
        "z": 0
      }
    },
    "texture": "4bef4f8a-00c1-4c5c-8769-c898fcb40249@6c48a",
    "packable": true,
    "pixelsToUnit": 100,
    "pivot": {
      "x": 0.5,
      "y": 0.5
    },
    "meshType": 0
  }
}