{
  "__type__": "cc.SpriteFrame",
  "content": {
    "name": "10_enemies_1_run_000",
    "atlas": "",
    "rect": {
      "x": 42,
      "y": 36,
      "width": 139,
      "height": 175
    },
    "offset": {
      "x": -23,
      "y": -14.5
    },
    "originalSize": {
      "width": 269,
      "height": 218
    },
    "rotated": false,
    "capInsets": [
      0,
      0,
      0,
      0
    ],
    "vertices": {
      "rawPosition": [
        -69.5,
        -87.5,
        0,
        69.5,
        -87.5,
        0,
        -69.5,
        87.5,
        0,
        69.5,
        87.5,
        0
      ],
      "indexes": [
        0,
        1,
        2,
        2,
        1,
        3
      ],
      "uv": [
        42,
        182,
        181,
        182,
        42,
        7,
        181,
        7
      ],
      "nuv": [
        0.15613382899628253,
        0.03211009174311927,
        0.6728624535315985,
        0.03211009174311927,
        0.15613382899628253,
        0.8348623853211009,
        0.6728624535315985,
        0.8348623853211009
      ],
      "minPos": {
        "x": -69.5,
        "y": -87.5,
        "z": 0
      },
      "maxPos": {
        "x": 69.5,
        "y": 87.5,
        "z": 0
      }
    },
    "texture": "d2f704b5-7870-465f-a0dc-2b8aa9546fd5@6c48a",
    "packable": true,
    "pixelsToUnit": 100,
    "pivot": {
      "x": 0.5,
      "y": 0.5
    },
    "meshType": 0
  }
}