{
  "__type__": "cc.SpriteFrame",
  "content": {
    "name": "10_enemies_1_run_006",
    "atlas": "",
    "rect": {
      "x": 35,
      "y": 37,
      "width": 140,
      "height": 176
    },
    "offset": {
      "x": -29.5,
      "y": -16
    },
    "originalSize": {
      "width": 269,
      "height": 218
    },
    "rotated": false,
    "capInsets": [
      0,
      0,
      0,
      0
    ],
    "vertices": {
      "rawPosition": [
        -70,
        -88,
        0,
        70,
        -88,
        0,
        -70,
        88,
        0,
        70,
        88,
        0
      ],
      "indexes": [
        0,
        1,
        2,
        2,
        1,
        3
      ],
      "uv": [
        35,
        181,
        175,
        181,
        35,
        5,
        175,
        5
      ],
      "nuv": [
        0.13011152416356878,
        0.022935779816513763,
        0.6505576208178439,
        0.022935779816513763,
        0.13011152416356878,
        0.8302752293577982,
        0.6505576208178439,
        0.8302752293577982
      ],
      "minPos": {
        "x": -70,
        "y": -88,
        "z": 0
      },
      "maxPos": {
        "x": 70,
        "y": 88,
        "z": 0
      }
    },
    "texture": "e8eb210f-96ea-42ff-9b03-89123ee7bfd4@6c48a",
    "packable": true,
    "pixelsToUnit": 100,
    "pivot": {
      "x": 0.5,
      "y": 0.5
    },
    "meshType": 0
  }
}