{
  "__type__": "cc.SpriteFrame",
  "content": {
    "name": "dan 5-02",
    "atlas": "",
    "rect": {
      "x": 167,
      "y": 114,
      "width": 817,
      "height": 909
    },
    "offset": {
      "x": -34.5,
      "y": -34
    },
    "originalSize": {
      "width": 1220,
      "height": 1069
    },
    "rotated": false,
    "capInsets": [
      0,
      0,
      0,
      0
    ],
    "vertices": {
      "rawPosition": [
        -408.5,
        -454.5,
        0,
        408.5,
        -454.5,
        0,
        -408.5,
        454.5,
        0,
        408.5,
        454.5,
        0
      ],
      "indexes": [
        0,
        1,
        2,
        2,
        1,
        3
      ],
      "uv": [
        167,
        955,
        984,
        955,
        167,
        46,
        984,
        46
      ],
      "nuv": [
        0.13688524590163934,
        0.04303086997193639,
        0.8065573770491803,
        0.04303086997193639,
        0.13688524590163934,
        0.8933582787652011,
        0.8065573770491803,
        0.8933582787652011
      ],
      "minPos": {
        "x": -408.5,
        "y": -454.5,
        "z": 0
      },
      "maxPos": {
        "x": 408.5,
        "y": 454.5,
        "z": 0
      }
    },
    "texture": "e8f7325a-46b8-4ae1-a30f-ce7aa48402ee@6c48a",
    "packable": true,
    "pixelsToUnit": 100,
    "pivot": {
      "x": 0.5,
      "y": 0.5
    },
    "meshType": 0
  }
}