{
  "__type__": "cc.SpriteFrame",
  "content": {
    "name": "tnt_coin",
    "atlas": "",
    "rect": {
      "x": 50,
      "y": 37,
      "width": 275,
      "height": 329
    },
    "offset": {
      "x": 3.5,
      "y": -10
    },
    "originalSize": {
      "width": 368,
      "height": 383
    },
    "rotated": false,
    "capInsets": [
      0,
      0,
      0,
      0
    ],
    "vertices": {
      "rawPosition": [
        -137.5,
        -164.5,
        0,
        137.5,
        -164.5,
        0,
        -137.5,
        164.5,
        0,
        137.5,
        164.5,
        0
      ],
      "indexes": [
        0,
        1,
        2,
        2,
        1,
        3
      ],
      "uv": [
        50,
        346,
        325,
        346,
        50,
        17,
        325,
        17
      ],
      "nuv": [
        0.1358695652173913,
        0.044386422976501305,
        0.8831521739130435,
        0.044386422976501305,
        0.1358695652173913,
        0.9033942558746736,
        0.8831521739130435,
        0.9033942558746736
      ],
      "minPos": {
        "x": -137.5,
        "y": -164.5,
        "z": 0
      },
      "maxPos": {
        "x": 137.5,
        "y": 164.5,
        "z": 0
      }
    },
    "texture": "a38f7fd7-30dd-4e1d-8e00-2ec13b162e39@6c48a",
    "packable": true,
    "pixelsToUnit": 100,
    "pivot": {
      "x": 0.5,
      "y": 0.5
    },
    "meshType": 0
  }
}