{
  "__type__": "cc.SpriteFrame",
  "content": {
    "name": "RUN3-01",
    "atlas": "",
    "rect": {
      "x": 10,
      "y": 11,
      "width": 117,
      "height": 141
    },
    "offset": {
      "x": 0.5,
      "y": 0
    },
    "originalSize": {
      "width": 136,
      "height": 163
    },
    "rotated": false,
    "capInsets": [
      0,
      0,
      0,
      0
    ],
    "vertices": {
      "rawPosition": [
        -58.5,
        -70.5,
        0,
        58.5,
        -70.5,
        0,
        -58.5,
        70.5,
        0,
        58.5,
        70.5,
        0
      ],
      "indexes": [
        0,
        1,
        2,
        2,
        1,
        3
      ],
      "uv": [
        10,
        152,
        127,
        152,
        10,
        11,
        127,
        11
      ],
      "nuv": [
        0.07352941176470588,
        0.06748466257668712,
        0.9338235294117647,
        0.06748466257668712,
        0.07352941176470588,
        0.9325153374233128,
        0.9338235294117647,
        0.9325153374233128
      ],
      "minPos": {
        "x": -58.5,
        "y": -70.5,
        "z": 0
      },
      "maxPos": {
        "x": 58.5,
        "y": 70.5,
        "z": 0
      }
    },
    "texture": "fb463a39-8de5-4d44-831b-cb249e910d32@6c48a",
    "packable": true,
    "pixelsToUnit": 100,
    "pivot": {
      "x": 0.5,
      "y": 0.5
    },
    "meshType": 0
  }
}