{
  "__type__": "cc.SpriteFrame",
  "content": {
    "name": "shield",
    "atlas": "",
    "rect": {
      "x": 0,
      "y": 0,
      "width": 268,
      "height": 268
    },
    "offset": {
      "x": -0.5,
      "y": 0.5
    },
    "originalSize": {
      "width": 269,
      "height": 269
    },
    "rotated": false,
    "capInsets": [
      0,
      0,
      0,
      0
    ],
    "vertices": {
      "rawPosition": [
        -134,
        -134,
        0,
        134,
        -134,
        0,
        -134,
        134,
        0,
        134,
        134,
        0
      ],
      "indexes": [
        0,
        1,
        2,
        2,
        1,
        3
      ],
      "uv": [
        0,
        269,
        268,
        269,
        0,
        1,
        268,
        1
      ],
      "nuv": [
        0,
        0.0037174721189591076,
        0.9962825278810409,
        0.0037174721189591076,
        0,
        1,
        0.9962825278810409,
        1
      ],
      "minPos": {
        "x": -134,
        "y": -134,
        "z": 0
      },
      "maxPos": {
        "x": 134,
        "y": 134,
        "z": 0
      }
    },
    "texture": "3f117b93-3a45-4265-aa05-e3032039632e@6c48a",
    "packable": true,
    "pixelsToUnit": 100,
    "pivot": {
      "x": 0.5,
      "y": 0.5
    },
    "meshType": 0
  }
}