{
  "__type__": "cc.SpriteFrame",
  "content": {
    "name": "2",
    "atlas": "",
    "rect": {
      "x": 46,
      "y": 39,
      "width": 141,
      "height": 206
    },
    "offset": {
      "x": -38,
      "y": -13.5
    },
    "originalSize": {
      "width": 309,
      "height": 257
    },
    "rotated": false,
    "capInsets": [
      0,
      0,
      0,
      0
    ],
    "vertices": {
      "rawPosition": [
        -70.5,
        -103,
        0,
        70.5,
        -103,
        0,
        -70.5,
        103,
        0,
        70.5,
        103,
        0
      ],
      "indexes": [
        0,
        1,
        2,
        2,
        1,
        3
      ],
      "uv": [
        46,
        218,
        187,
        218,
        46,
        12,
        187,
        12
      ],
      "nuv": [
        0.1488673139158576,
        0.04669260700389105,
        0.6051779935275081,
        0.04669260700389105,
        0.1488673139158576,
        0.8482490272373541,
        0.6051779935275081,
        0.8482490272373541
      ],
      "minPos": {
        "x": -70.5,
        "y": -103,
        "z": 0
      },
      "maxPos": {
        "x": 70.5,
        "y": 103,
        "z": 0
      }
    },
    "texture": "5282a42a-feeb-48bc-ad19-3da07053be8d@6c48a",
    "packable": true,
    "pixelsToUnit": 100,
    "pivot": {
      "x": 0.5,
      "y": 0.5
    },
    "meshType": 0
  }
}