{
  "__type__": "cc.SpriteFrame",
  "content": {
    "name": "Explosion_8",
    "atlas": "",
    "rect": {
      "x": 29,
      "y": 56,
      "width": 452,
      "height": 460
    },
    "offset": {
      "x": -20,
      "y": -11
    },
    "originalSize": {
      "width": 550,
      "height": 550
    },
    "rotated": false,
    "capInsets": [
      0,
      0,
      0,
      0
    ],
    "vertices": {
      "rawPosition": [
        -226,
        -230,
        0,
        226,
        -230,
        0,
        -226,
        230,
        0,
        226,
        230,
        0
      ],
      "indexes": [
        0,
        1,
        2,
        2,
        1,
        3
      ],
      "uv": [
        29,
        494,
        481,
        494,
        29,
        34,
        481,
        34
      ],
      "nuv": [
        0.05272727272727273,
        0.06181818181818182,
        0.8745454545454545,
        0.06181818181818182,
        0.05272727272727273,
        0.8981818181818182,
        0.8745454545454545,
        0.8981818181818182
      ],
      "minPos": {
        "x": -226,
        "y": -230,
        "z": 0
      },
      "maxPos": {
        "x": 226,
        "y": 230,
        "z": 0
      }
    },
    "texture": "747943a5-5d1c-4c61-b867-0df5ff729b33@6c48a",
    "packable": true,
    "pixelsToUnit": 100,
    "pivot": {
      "x": 0.5,
      "y": 0.5
    },
    "meshType": 0
  }
}