{
  "__type__": "cc.SpriteFrame",
  "content": {
    "name": "frame1",
    "atlas": "",
    "rect": {
      "x": 14,
      "y": 13,
      "width": 465,
      "height": 387
    },
    "offset": {
      "x": 0.5,
      "y": -6.5
    },
    "originalSize": {
      "width": 492,
      "height": 400
    },
    "rotated": false,
    "capInsets": [
      0,
      0,
      0,
      0
    ],
    "vertices": {
      "rawPosition": [
        -232.5,
        -193.5,
        0,
        232.5,
        -193.5,
        0,
        -232.5,
        193.5,
        0,
        232.5,
        193.5,
        0
      ],
      "indexes": [
        0,
        1,
        2,
        2,
        1,
        3
      ],
      "uv": [
        14,
        387,
        479,
        387,
        14,
        0,
        479,
        0
      ],
      "nuv": [
        0.028455284552845527,
        0,
        0.9735772357723578,
        0,
        0.028455284552845527,
        0.9675,
        0.9735772357723578,
        0.9675
      ],
      "minPos": {
        "x": -232.5,
        "y": -193.5,
        "z": 0
      },
      "maxPos": {
        "x": 232.5,
        "y": 193.5,
        "z": 0
      }
    },
    "texture": "74ae3c0a-55bd-4206-acfc-c7a55808be9a@6c48a",
    "packable": true,
    "pixelsToUnit": 100,
    "pivot": {
      "x": 0.5,
      "y": 0.5
    },
    "meshType": 0
  }
}