{
  "__type__": "cc.SpriteFrame",
  "content": {
    "name": "Fly (2)",
    "atlas": "",
    "rect": {
      "x": 0,
      "y": 0,
      "width": 443,
      "height": 282
    },
    "offset": {
      "x": 0,
      "y": 10
    },
    "originalSize": {
      "width": 443,
      "height": 302
    },
    "rotated": false,
    "capInsets": [
      0,
      0,
      0,
      0
    ],
    "vertices": {
      "rawPosition": [
        -221.5,
        -141,
        0,
        221.5,
        -141,
        0,
        -221.5,
        141,
        0,
        221.5,
        141,
        0
      ],
      "indexes": [
        0,
        1,
        2,
        2,
        1,
        3
      ],
      "uv": [
        0,
        302,
        443,
        302,
        0,
        20,
        443,
        20
      ],
      "nuv": [
        0,
        0.06622516556291391,
        1,
        0.06622516556291391,
        0,
        1,
        1,
        1
      ],
      "minPos": {
        "x": -221.5,
        "y": -141,
        "z": 0
      },
      "maxPos": {
        "x": 221.5,
        "y": 141,
        "z": 0
      }
    },
    "texture": "e086cd39-ba3d-4cf5-9b80-daef728bb6b4@6c48a",
    "packable": true,
    "pixelsToUnit": 100,
    "pivot": {
      "x": 0.5,
      "y": 0.5
    },
    "meshType": 0
  }
}