{
  "__type__": "cc.SpriteFrame",
  "content": {
    "name": "die1",
    "atlas": "",
    "rect": {
      "x": 130,
      "y": 1,
      "width": 373,
      "height": 554
    },
    "offset": {
      "x": 0,
      "y": 0
    },
    "originalSize": {
      "width": 633,
      "height": 556
    },
    "rotated": false,
    "capInsets": [
      0,
      0,
      0,
      0
    ],
    "vertices": {
      "rawPosition": [
        -186.5,
        -277,
        0,
        186.5,
        -277,
        0,
        -186.5,
        277,
        0,
        186.5,
        277,
        0
      ],
      "indexes": [
        0,
        1,
        2,
        2,
        1,
        3
      ],
      "uv": [
        130,
        555,
        503,
        555,
        130,
        1,
        503,
        1
      ],
      "nuv": [
        0.20537124802527645,
        0.0017985611510791368,
        0.7946287519747235,
        0.0017985611510791368,
        0.20537124802527645,
        0.9982014388489209,
        0.7946287519747235,
        0.9982014388489209
      ],
      "minPos": {
        "x": -186.5,
        "y": -277,
        "z": 0
      },
      "maxPos": {
        "x": 186.5,
        "y": 277,
        "z": 0
      }
    },
    "texture": "dc653851-0085-4583-9d18-31232a3fd0b1@6c48a",
    "packable": true,
    "pixelsToUnit": 100,
    "pivot": {
      "x": 0.5,
      "y": 0.5
    },
    "meshType": 0
  }
}