{
  "__type__": "cc.SpriteFrame",
  "content": {
    "name": "dan-02",
    "atlas": "",
    "rect": {
      "x": 374,
      "y": 402,
      "width": 657,
      "height": 313
    },
    "offset": {
      "x": 92.5,
      "y": -24
    },
    "originalSize": {
      "width": 1220,
      "height": 1069
    },
    "rotated": false,
    "capInsets": [
      0,
      0,
      0,
      0
    ],
    "vertices": {
      "rawPosition": [
        -328.5,
        -156.5,
        0,
        328.5,
        -156.5,
        0,
        -328.5,
        156.5,
        0,
        328.5,
        156.5,
        0
      ],
      "indexes": [
        0,
        1,
        2,
        2,
        1,
        3
      ],
      "uv": [
        374,
        667,
        1031,
        667,
        374,
        354,
        1031,
        354
      ],
      "nuv": [
        0.30655737704918035,
        0.33115060804490176,
        0.8450819672131148,
        0.33115060804490176,
        0.30655737704918035,
        0.6239476145930777,
        0.8450819672131148,
        0.6239476145930777
      ],
      "minPos": {
        "x": -328.5,
        "y": -156.5,
        "z": 0
      },
      "maxPos": {
        "x": 328.5,
        "y": 156.5,
        "z": 0
      }
    },
    "texture": "75e109d1-fe13-405b-aa8c-6d7e352e94e3@6c48a",
    "packable": true,
    "pixelsToUnit": 100,
    "pivot": {
      "x": 0.5,
      "y": 0.5
    },
    "meshType": 0
  }
}