{
  "__type__": "cc.SpriteFrame",
  "content": {
    "name": "planebullet1",
    "atlas": "",
    "rect": {
      "x": 0,
      "y": 1,
      "width": 151,
      "height": 298
    },
    "offset": {
      "x": 0,
      "y": 0.5
    },
    "originalSize": {
      "width": 151,
      "height": 301
    },
    "rotated": false,
    "capInsets": [
      0,
      0,
      0,
      0
    ],
    "vertices": {
      "rawPosition": [
        -75.5,
        -149,
        0,
        75.5,
        -149,
        0,
        -75.5,
        149,
        0,
        75.5,
        149,
        0
      ],
      "indexes": [
        0,
        1,
        2,
        2,
        1,
        3
      ],
      "uv": [
        0,
        300,
        151,
        300,
        0,
        2,
        151,
        2
      ],
      "nuv": [
        0,
        0.006644518272425249,
        1,
        0.006644518272425249,
        0,
        0.9966777408637874,
        1,
        0.9966777408637874
      ],
      "minPos": {
        "x": -75.5,
        "y": -149,
        "z": 0
      },
      "maxPos": {
        "x": 75.5,
        "y": 149,
        "z": 0
      }
    },
    "texture": "d9741b6a-e72f-4f3d-91f1-ac705369f902@6c48a",
    "packable": true,
    "pixelsToUnit": 100,
    "pivot": {
      "x": 0.5,
      "y": 0.5
    },
    "meshType": 0
  }
}