{
  "__type__": "cc.SpriteFrame",
  "content": {
    "name": "Explosion_1",
    "atlas": "",
    "rect": {
      "x": 206,
      "y": 417,
      "width": 129,
      "height": 68
    },
    "offset": {
      "x": 10.5,
      "y": -191
    },
    "originalSize": {
      "width": 520,
      "height": 520
    },
    "rotated": false,
    "capInsets": [
      0,
      0,
      0,
      0
    ],
    "vertices": {
      "rawPosition": [
        -64.5,
        -34,
        0,
        64.5,
        -34,
        0,
        -64.5,
        34,
        0,
        64.5,
        34,
        0
      ],
      "indexes": [
        0,
        1,
        2,
        2,
        1,
        3
      ],
      "uv": [
        206,
        103,
        335,
        103,
        206,
        35,
        335,
        35
      ],
      "nuv": [
        0.39615384615384613,
        0.0673076923076923,
        0.6442307692307693,
        0.0673076923076923,
        0.39615384615384613,
        0.19807692307692307,
        0.6442307692307693,
        0.19807692307692307
      ],
      "minPos": {
        "x": -64.5,
        "y": -34,
        "z": 0
      },
      "maxPos": {
        "x": 64.5,
        "y": 34,
        "z": 0
      }
    },
    "texture": "d991a369-7170-48db-8093-4d6bcb1587f7@6c48a",
    "packable": true,
    "pixelsToUnit": 100,
    "pivot": {
      "x": 0.5,
      "y": 0.5
    },
    "meshType": 0
  }
}