{
  "__type__": "cc.SpriteFrame",
  "content": {
    "name": "10_enemies_1_run_003",
    "atlas": "",
    "rect": {
      "x": 38,
      "y": 36,
      "width": 140,
      "height": 177
    },
    "offset": {
      "x": -26.5,
      "y": -15.5
    },
    "originalSize": {
      "width": 269,
      "height": 218
    },
    "rotated": false,
    "capInsets": [
      0,
      0,
      0,
      0
    ],
    "vertices": {
      "rawPosition": [
        -70,
        -88.5,
        0,
        70,
        -88.5,
        0,
        -70,
        88.5,
        0,
        70,
        88.5,
        0
      ],
      "indexes": [
        0,
        1,
        2,
        2,
        1,
        3
      ],
      "uv": [
        38,
        182,
        178,
        182,
        38,
        5,
        178,
        5
      ],
      "nuv": [
        0.1412639405204461,
        0.022935779816513763,
        0.6617100371747212,
        0.022935779816513763,
        0.1412639405204461,
        0.8348623853211009,
        0.6617100371747212,
        0.8348623853211009
      ],
      "minPos": {
        "x": -70,
        "y": -88.5,
        "z": 0
      },
      "maxPos": {
        "x": 70,
        "y": 88.5,
        "z": 0
      }
    },
    "texture": "d9f280ec-d3b8-460d-a0b9-8d65e38a8bee@6c48a",
    "packable": true,
    "pixelsToUnit": 100,
    "pivot": {
      "x": 0.5,
      "y": 0.5
    },
    "meshType": 0
  }
}