{
  "__type__": "cc.SpriteFrame",
  "content": {
    "name": "dan 4-02",
    "atlas": "",
    "rect": {
      "x": 182,
      "y": 84,
      "width": 803,
      "height": 871
    },
    "offset": {
      "x": -26.5,
      "y": 15
    },
    "originalSize": {
      "width": 1220,
      "height": 1069
    },
    "rotated": false,
    "capInsets": [
      0,
      0,
      0,
      0
    ],
    "vertices": {
      "rawPosition": [
        -401.5,
        -435.5,
        0,
        401.5,
        -435.5,
        0,
        -401.5,
        435.5,
        0,
        401.5,
        435.5,
        0
      ],
      "indexes": [
        0,
        1,
        2,
        2,
        1,
        3
      ],
      "uv": [
        182,
        985,
        985,
        985,
        182,
        114,
        985,
        114
      ],
      "nuv": [
        0.14918032786885246,
        0.10664172123479888,
        0.8073770491803278,
        0.10664172123479888,
        0.14918032786885246,
        0.921421889616464,
        0.8073770491803278,
        0.921421889616464
      ],
      "minPos": {
        "x": -401.5,
        "y": -435.5,
        "z": 0
      },
      "maxPos": {
        "x": 401.5,
        "y": 435.5,
        "z": 0
      }
    },
    "texture": "9dd37e88-be73-4db7-94c4-b38ddf9b2c94@6c48a",
    "packable": true,
    "pixelsToUnit": 100,
    "pivot": {
      "x": 0.5,
      "y": 0.5
    },
    "meshType": 0
  }
}