{
  "__type__": "cc.SpriteFrame",
  "content": {
    "name": "Explosion_5",
    "atlas": "",
    "rect": {
      "x": 120,
      "y": 134,
      "width": 311,
      "height": 284
    },
    "offset": {
      "x": 0.5,
      "y": -1
    },
    "originalSize": {
      "width": 550,
      "height": 550
    },
    "rotated": false,
    "capInsets": [
      0,
      0,
      0,
      0
    ],
    "vertices": {
      "rawPosition": [
        -155.5,
        -142,
        0,
        155.5,
        -142,
        0,
        -155.5,
        142,
        0,
        155.5,
        142,
        0
      ],
      "indexes": [
        0,
        1,
        2,
        2,
        1,
        3
      ],
      "uv": [
        120,
        416,
        431,
        416,
        120,
        132,
        431,
        132
      ],
      "nuv": [
        0.21818181818181817,
        0.24,
        0.7836363636363637,
        0.24,
        0.21818181818181817,
        0.7563636363636363,
        0.7836363636363637,
        0.7563636363636363
      ],
      "minPos": {
        "x": -155.5,
        "y": -142,
        "z": 0
      },
      "maxPos": {
        "x": 155.5,
        "y": 142,
        "z": 0
      }
    },
    "texture": "db0b68a1-c476-4ae0-8466-80580d8809ea@6c48a",
    "packable": true,
    "pixelsToUnit": 100,
    "pivot": {
      "x": 0.5,
      "y": 0.5
    },
    "meshType": 0
  }
}