{
  "__type__": "cc.SpriteFrame",
  "content": {
    "name": "Explosion_2",
    "atlas": "",
    "rect": {
      "x": 204,
      "y": 374,
      "width": 146,
      "height": 105
    },
    "offset": {
      "x": 17,
      "y": -166.5
    },
    "originalSize": {
      "width": 520,
      "height": 520
    },
    "rotated": false,
    "capInsets": [
      0,
      0,
      0,
      0
    ],
    "vertices": {
      "rawPosition": [
        -73,
        -52.5,
        0,
        73,
        -52.5,
        0,
        -73,
        52.5,
        0,
        73,
        52.5,
        0
      ],
      "indexes": [
        0,
        1,
        2,
        2,
        1,
        3
      ],
      "uv": [
        204,
        146,
        350,
        146,
        204,
        41,
        350,
        41
      ],
      "nuv": [
        0.3923076923076923,
        0.07884615384615384,
        0.6730769230769231,
        0.07884615384615384,
        0.3923076923076923,
        0.28076923076923077,
        0.6730769230769231,
        0.28076923076923077
      ],
      "minPos": {
        "x": -73,
        "y": -52.5,
        "z": 0
      },
      "maxPos": {
        "x": 73,
        "y": 52.5,
        "z": 0
      }
    },
    "texture": "dbcd8f35-2e93-4ae8-b62b-b3343dfc6846@6c48a",
    "packable": true,
    "pixelsToUnit": 100,
    "pivot": {
      "x": 0.5,
      "y": 0.5
    },
    "meshType": 0
  }
}