{
  "__type__": "cc.SpriteFrame",
  "content": {
    "name": "dan-02",
    "atlas": "",
    "rect": {
      "x": 94,
      "y": 100,
      "width": 164,
      "height": 79
    },
    "offset": {
      "x": 23.5,
      "y": -6
    },
    "originalSize": {
      "width": 305,
      "height": 267
    },
    "rotated": false,
    "capInsets": [
      0,
      0,
      0,
      0
    ],
    "vertices": {
      "rawPosition": [
        -82,
        -39.5,
        0,
        82,
        -39.5,
        0,
        -82,
        39.5,
        0,
        82,
        39.5,
        0
      ],
      "indexes": [
        0,
        1,
        2,
        2,
        1,
        3
      ],
      "uv": [
        94,
        167,
        258,
        167,
        94,
        88,
        258,
        88
      ],
      "nuv": [
        0.3081967213114754,
        0.3295880149812734,
        0.8459016393442623,
        0.3295880149812734,
        0.3081967213114754,
        0.6254681647940075,
        0.8459016393442623,
        0.6254681647940075
      ],
      "minPos": {
        "x": -82,
        "y": -39.5,
        "z": 0
      },
      "maxPos": {
        "x": 82,
        "y": 39.5,
        "z": 0
      }
    },
    "texture": "de152414-0566-4fcd-b0f0-eddef937eea2@6c48a",
    "packable": true,
    "pixelsToUnit": 100,
    "pivot": {
      "x": 0.5,
      "y": 0.5
    },
    "meshType": 0
  }
}