{
  "__type__": "cc.SpriteFrame",
  "content": {
    "name": "Explosion_6",
    "atlas": "",
    "rect": {
      "x": 75,
      "y": 113,
      "width": 402,
      "height": 350
    },
    "offset": {
      "x": 1,
      "y": -13
    },
    "originalSize": {
      "width": 550,
      "height": 550
    },
    "rotated": false,
    "capInsets": [
      0,
      0,
      0,
      0
    ],
    "vertices": {
      "rawPosition": [
        -201,
        -175,
        0,
        201,
        -175,
        0,
        -201,
        175,
        0,
        201,
        175,
        0
      ],
      "indexes": [
        0,
        1,
        2,
        2,
        1,
        3
      ],
      "uv": [
        75,
        437,
        477,
        437,
        75,
        87,
        477,
        87
      ],
      "nuv": [
        0.13636363636363635,
        0.15818181818181817,
        0.8672727272727273,
        0.15818181818181817,
        0.13636363636363635,
        0.7945454545454546,
        0.8672727272727273,
        0.7945454545454546
      ],
      "minPos": {
        "x": -201,
        "y": -175,
        "z": 0
      },
      "maxPos": {
        "x": 201,
        "y": 175,
        "z": 0
      }
    },
    "texture": "65a33654-758b-4952-9691-c1ef35689433@6c48a",
    "packable": true,
    "pixelsToUnit": 100,
    "pivot": {
      "x": 0.5,
      "y": 0.5
    },
    "meshType": 0
  }
}