{
  "__type__": "cc.SpriteFrame",
  "content": {
    "name": "Explosion_6",
    "atlas": "",
    "rect": {
      "x": 177,
      "y": 188,
      "width": 450,
      "height": 418
    },
    "offset": {
      "x": 2,
      "y": 3
    },
    "originalSize": {
      "width": 800,
      "height": 800
    },
    "rotated": false,
    "capInsets": [
      0,
      0,
      0,
      0
    ],
    "vertices": {
      "rawPosition": [
        -225,
        -209,
        0,
        225,
        -209,
        0,
        -225,
        209,
        0,
        225,
        209,
        0
      ],
      "indexes": [
        0,
        1,
        2,
        2,
        1,
        3
      ],
      "uv": [
        177,
        612,
        627,
        612,
        177,
        194,
        627,
        194
      ],
      "nuv": [
        0.22125,
        0.2425,
        0.78375,
        0.2425,
        0.22125,
        0.765,
        0.78375,
        0.765
      ],
      "minPos": {
        "x": -225,
        "y": -209,
        "z": 0
      },
      "maxPos": {
        "x": 225,
        "y": 209,
        "z": 0
      }
    },
    "texture": "f66f6085-a637-4110-b64b-5b4a905b1fec@6c48a",
    "packable": true,
    "pixelsToUnit": 100,
    "pivot": {
      "x": 0.5,
      "y": 0.5
    },
    "meshType": 0
  }
}