{
  "__type__": "cc.SpriteFrame",
  "content": {
    "name": "3",
    "atlas": "",
    "rect": {
      "x": 41,
      "y": 38,
      "width": 141,
      "height": 206
    },
    "offset": {
      "x": -43,
      "y": -12.5
    },
    "originalSize": {
      "width": 309,
      "height": 257
    },
    "rotated": false,
    "capInsets": [
      0,
      0,
      0,
      0
    ],
    "vertices": {
      "rawPosition": [
        -70.5,
        -103,
        0,
        70.5,
        -103,
        0,
        -70.5,
        103,
        0,
        70.5,
        103,
        0
      ],
      "indexes": [
        0,
        1,
        2,
        2,
        1,
        3
      ],
      "uv": [
        41,
        219,
        182,
        219,
        41,
        13,
        182,
        13
      ],
      "nuv": [
        0.13268608414239483,
        0.05058365758754864,
        0.5889967637540453,
        0.05058365758754864,
        0.13268608414239483,
        0.8521400778210116,
        0.5889967637540453,
        0.8521400778210116
      ],
      "minPos": {
        "x": -70.5,
        "y": -103,
        "z": 0
      },
      "maxPos": {
        "x": 70.5,
        "y": 103,
        "z": 0
      }
    },
    "texture": "1edbd746-d3b9-4a16-a083-f334d7a6048d@6c48a",
    "packable": true,
    "pixelsToUnit": 100,
    "pivot": {
      "x": 0.5,
      "y": 0.5
    },
    "meshType": 0
  }
}