{
  "__type__": "cc.SpriteFrame",
  "content": {
    "name": "fly1",
    "atlas": "",
    "rect": {
      "x": 16,
      "y": 11,
      "width": 594,
      "height": 481
    },
    "offset": {
      "x": -4,
      "y": 4.5
    },
    "originalSize": {
      "width": 634,
      "height": 512
    },
    "rotated": false,
    "capInsets": [
      0,
      0,
      0,
      0
    ],
    "vertices": {
      "rawPosition": [
        -297,
        -240.5,
        0,
        297,
        -240.5,
        0,
        -297,
        240.5,
        0,
        297,
        240.5,
        0
      ],
      "indexes": [
        0,
        1,
        2,
        2,
        1,
        3
      ],
      "uv": [
        16,
        501,
        610,
        501,
        16,
        20,
        610,
        20
      ],
      "nuv": [
        0.025236593059936908,
        0.0390625,
        0.9621451104100947,
        0.0390625,
        0.025236593059936908,
        0.978515625,
        0.9621451104100947,
        0.978515625
      ],
      "minPos": {
        "x": -297,
        "y": -240.5,
        "z": 0
      },
      "maxPos": {
        "x": 297,
        "y": 240.5,
        "z": 0
      }
    },
    "texture": "1efc6bd1-a307-4d4a-a2b3-84c8261c3714@6c48a",
    "packable": true,
    "pixelsToUnit": 100,
    "pivot": {
      "x": 0.5,
      "y": 0.5
    },
    "meshType": 0
  }
}