{
  "__type__": "cc.SpriteFrame",
  "content": {
    "name": "Explosion_10",
    "atlas": "",
    "rect": {
      "x": 11,
      "y": 21,
      "width": 778,
      "height": 758
    },
    "offset": {
      "x": 0,
      "y": 0
    },
    "originalSize": {
      "width": 800,
      "height": 800
    },
    "rotated": false,
    "capInsets": [
      0,
      0,
      0,
      0
    ],
    "vertices": {
      "rawPosition": [
        -389,
        -379,
        0,
        389,
        -379,
        0,
        -389,
        379,
        0,
        389,
        379,
        0
      ],
      "indexes": [
        0,
        1,
        2,
        2,
        1,
        3
      ],
      "uv": [
        11,
        779,
        789,
        779,
        11,
        21,
        789,
        21
      ],
      "nuv": [
        0.01375,
        0.02625,
        0.98625,
        0.02625,
        0.01375,
        0.97375,
        0.98625,
        0.97375
      ],
      "minPos": {
        "x": -389,
        "y": -379,
        "z": 0
      },
      "maxPos": {
        "x": 389,
        "y": 379,
        "z": 0
      }
    },
    "texture": "24408b63-7d16-43b3-b5e6-a0b1c24db589@6c48a",
    "packable": true,
    "pixelsToUnit": 100,
    "pivot": {
      "x": 0.5,
      "y": 0.5
    },
    "meshType": 0
  }
}