{
  "__type__": "cc.SpriteFrame",
  "content": {
    "name": "10_enemies_1_run_018",
    "atlas": "",
    "rect": {
      "x": 40,
      "y": 36,
      "width": 139,
      "height": 177
    },
    "offset": {
      "x": -25,
      "y": -15.5
    },
    "originalSize": {
      "width": 269,
      "height": 218
    },
    "rotated": false,
    "capInsets": [
      0,
      0,
      0,
      0
    ],
    "vertices": {
      "rawPosition": [
        -69.5,
        -88.5,
        0,
        69.5,
        -88.5,
        0,
        -69.5,
        88.5,
        0,
        69.5,
        88.5,
        0
      ],
      "indexes": [
        0,
        1,
        2,
        2,
        1,
        3
      ],
      "uv": [
        40,
        182,
        179,
        182,
        40,
        5,
        179,
        5
      ],
      "nuv": [
        0.14869888475836432,
        0.022935779816513763,
        0.6654275092936803,
        0.022935779816513763,
        0.14869888475836432,
        0.8348623853211009,
        0.6654275092936803,
        0.8348623853211009
      ],
      "minPos": {
        "x": -69.5,
        "y": -88.5,
        "z": 0
      },
      "maxPos": {
        "x": 69.5,
        "y": 88.5,
        "z": 0
      }
    },
    "texture": "cb3e9adf-ec18-4a53-880a-02ac0f621a91@6c48a",
    "packable": true,
    "pixelsToUnit": 100,
    "pivot": {
      "x": 0.5,
      "y": 0.5
    },
    "meshType": 0
  }
}