{
  "__type__": "cc.SpriteFrame",
  "content": {
    "name": "RUN4-01",
    "atlas": "",
    "rect": {
      "x": 15,
      "y": 0,
      "width": 104,
      "height": 143
    },
    "offset": {
      "x": 7.5,
      "y": 2.5
    },
    "originalSize": {
      "width": 119,
      "height": 148
    },
    "rotated": false,
    "capInsets": [
      0,
      0,
      0,
      0
    ],
    "vertices": {
      "rawPosition": [
        -52,
        -71.5,
        0,
        52,
        -71.5,
        0,
        -52,
        71.5,
        0,
        52,
        71.5,
        0
      ],
      "indexes": [
        0,
        1,
        2,
        2,
        1,
        3
      ],
      "uv": [
        15,
        148,
        119,
        148,
        15,
        5,
        119,
        5
      ],
      "nuv": [
        0.12605042016806722,
        0.033783783783783786,
        1,
        0.033783783783783786,
        0.12605042016806722,
        1,
        1,
        1
      ],
      "minPos": {
        "x": -52,
        "y": -71.5,
        "z": 0
      },
      "maxPos": {
        "x": 52,
        "y": 71.5,
        "z": 0
      }
    },
    "texture": "b3f0ce14-04b6-437e-8a89-aad7695e0275@6c48a",
    "packable": true,
    "pixelsToUnit": 100,
    "pivot": {
      "x": 0.5,
      "y": 0.5
    },
    "meshType": 0
  }
}