{
  "__type__": "cc.SpriteFrame",
  "content": {
    "name": "Explosion_8",
    "atlas": "",
    "rect": {
      "x": 23,
      "y": 190,
      "width": 475,
      "height": 304
    },
    "offset": {
      "x": 0.5,
      "y": -82
    },
    "originalSize": {
      "width": 520,
      "height": 520
    },
    "rotated": false,
    "capInsets": [
      0,
      0,
      0,
      0
    ],
    "vertices": {
      "rawPosition": [
        -237.5,
        -152,
        0,
        237.5,
        -152,
        0,
        -237.5,
        152,
        0,
        237.5,
        152,
        0
      ],
      "indexes": [
        0,
        1,
        2,
        2,
        1,
        3
      ],
      "uv": [
        23,
        330,
        498,
        330,
        23,
        26,
        498,
        26
      ],
      "nuv": [
        0.04423076923076923,
        0.05,
        0.9576923076923077,
        0.05,
        0.04423076923076923,
        0.6346153846153846,
        0.9576923076923077,
        0.6346153846153846
      ],
      "minPos": {
        "x": -237.5,
        "y": -152,
        "z": 0
      },
      "maxPos": {
        "x": 237.5,
        "y": 152,
        "z": 0
      }
    },
    "texture": "eeb348e1-9f79-4aea-810a-4647ec289181@6c48a",
    "packable": true,
    "pixelsToUnit": 100,
    "pivot": {
      "x": 0.5,
      "y": 0.5
    },
    "meshType": 0
  }
}