{
  "__type__": "cc.SpriteFrame",
  "content": {
    "name": "dan 03-02",
    "atlas": "",
    "rect": {
      "x": 173,
      "y": 144,
      "width": 870,
      "height": 751
    },
    "offset": {
      "x": -2,
      "y": 15
    },
    "originalSize": {
      "width": 1220,
      "height": 1069
    },
    "rotated": false,
    "capInsets": [
      0,
      0,
      0,
      0
    ],
    "vertices": {
      "rawPosition": [
        -435,
        -375.5,
        0,
        435,
        -375.5,
        0,
        -435,
        375.5,
        0,
        435,
        375.5,
        0
      ],
      "indexes": [
        0,
        1,
        2,
        2,
        1,
        3
      ],
      "uv": [
        173,
        925,
        1043,
        925,
        173,
        174,
        1043,
        174
      ],
      "nuv": [
        0.1418032786885246,
        0.1627689429373246,
        0.8549180327868853,
        0.1627689429373246,
        0.1418032786885246,
        0.8652946679139383,
        0.8549180327868853,
        0.8652946679139383
      ],
      "minPos": {
        "x": -435,
        "y": -375.5,
        "z": 0
      },
      "maxPos": {
        "x": 435,
        "y": 375.5,
        "z": 0
      }
    },
    "texture": "2849f6a4-c867-4b5f-bd46-c699bc35c56f@6c48a",
    "packable": true,
    "pixelsToUnit": 100,
    "pivot": {
      "x": 0.5,
      "y": 0.5
    },
    "meshType": 0
  }
}