{
  "__type__": "cc.SpriteFrame",
  "content": {
    "name": "Explosion_4",
    "atlas": "",
    "rect": {
      "x": 245,
      "y": 257,
      "width": 311,
      "height": 268
    },
    "offset": {
      "x": 0.5,
      "y": 9
    },
    "originalSize": {
      "width": 800,
      "height": 800
    },
    "rotated": false,
    "capInsets": [
      0,
      0,
      0,
      0
    ],
    "vertices": {
      "rawPosition": [
        -155.5,
        -134,
        0,
        155.5,
        -134,
        0,
        -155.5,
        134,
        0,
        155.5,
        134,
        0
      ],
      "indexes": [
        0,
        1,
        2,
        2,
        1,
        3
      ],
      "uv": [
        245,
        543,
        556,
        543,
        245,
        275,
        556,
        275
      ],
      "nuv": [
        0.30625,
        0.34375,
        0.695,
        0.34375,
        0.30625,
        0.67875,
        0.695,
        0.67875
      ],
      "minPos": {
        "x": -155.5,
        "y": -134,
        "z": 0
      },
      "maxPos": {
        "x": 155.5,
        "y": 134,
        "z": 0
      }
    },
    "texture": "9b3c05b5-9424-4981-bcbe-662a91cf0bf1@6c48a",
    "packable": true,
    "pixelsToUnit": 100,
    "pivot": {
      "x": 0.5,
      "y": 0.5
    },
    "meshType": 0
  }
}