{
  "__type__": "cc.SpriteFrame",
  "content": {
    "name": "enemy1-3",
    "atlas": "",
    "rect": {
      "x": 70,
      "y": 53,
      "width": 162,
      "height": 200
    },
    "offset": {
      "x": 4,
      "y": -15.5
    },
    "originalSize": {
      "width": 294,
      "height": 275
    },
    "rotated": false,
    "capInsets": [
      0,
      0,
      0,
      0
    ],
    "vertices": {
      "rawPosition": [
        -81,
        -100,
        0,
        81,
        -100,
        0,
        -81,
        100,
        0,
        81,
        100,
        0
      ],
      "indexes": [
        0,
        1,
        2,
        2,
        1,
        3
      ],
      "uv": [
        70,
        222,
        232,
        222,
        70,
        22,
        232,
        22
      ],
      "nuv": [
        0.23809523809523808,
        0.08,
        0.7891156462585034,
        0.08,
        0.23809523809523808,
        0.8072727272727273,
        0.7891156462585034,
        0.8072727272727273
      ],
      "minPos": {
        "x": -81,
        "y": -100,
        "z": 0
      },
      "maxPos": {
        "x": 81,
        "y": 100,
        "z": 0
      }
    },
    "texture": "71ddebf1-db4c-4dcb-8966-d7846959872e@6c48a",
    "packable": true,
    "pixelsToUnit": 100,
    "pivot": {
      "x": 0.5,
      "y": 0.5
    },
    "meshType": 0
  }
}