{
  "__type__": "cc.SpriteFrame",
  "content": {
    "name": "enemy_bird",
    "atlas": "",
    "rect": {
      "x": 2,
      "y": 2,
      "width": 1173,
      "height": 524
    },
    "offset": {
      "x": 0,
      "y": 0
    },
    "originalSize": {
      "width": 1177,
      "height": 528
    },
    "rotated": false,
    "capInsets": [
      0,
      0,
      0,
      0
    ],
    "vertices": {
      "rawPosition": [
        -586.5,
        -262,
        0,
        586.5,
        -262,
        0,
        -586.5,
        262,
        0,
        586.5,
        262,
        0
      ],
      "indexes": [
        0,
        1,
        2,
        2,
        1,
        3
      ],
      "uv": [
        2,
        526,
        1175,
        526,
        2,
        2,
        1175,
        2
      ],
      "nuv": [
        0.0016992353440951572,
        0.003787878787878788,
        0.9983007646559049,
        0.003787878787878788,
        0.0016992353440951572,
        0.9962121212121212,
        0.9983007646559049,
        0.9962121212121212
      ],
      "minPos": {
        "x": -586.5,
        "y": -262,
        "z": 0
      },
      "maxPos": {
        "x": 586.5,
        "y": 262,
        "z": 0
      }
    },
    "texture": "c7dfc942-57cf-45e4-a552-35e24073e1fc@6c48a",
    "packable": true,
    "pixelsToUnit": 100,
    "pivot": {
      "x": 0.5,
      "y": 0.5
    },
    "meshType": 0
  }
}