{
  "__type__": "cc.SpriteFrame",
  "content": {
    "name": "dan7-02",
    "atlas": "",
    "rect": {
      "x": 40,
      "y": 24,
      "width": 209,
      "height": 238
    },
    "offset": {
      "x": -8,
      "y": -9.5
    },
    "originalSize": {
      "width": 305,
      "height": 267
    },
    "rotated": false,
    "capInsets": [
      0,
      0,
      0,
      0
    ],
    "vertices": {
      "rawPosition": [
        -104.5,
        -119,
        0,
        104.5,
        -119,
        0,
        -104.5,
        119,
        0,
        104.5,
        119,
        0
      ],
      "indexes": [
        0,
        1,
        2,
        2,
        1,
        3
      ],
      "uv": [
        40,
        243,
        249,
        243,
        40,
        5,
        249,
        5
      ],
      "nuv": [
        0.13114754098360656,
        0.018726591760299626,
        0.8163934426229508,
        0.018726591760299626,
        0.13114754098360656,
        0.9101123595505618,
        0.8163934426229508,
        0.9101123595505618
      ],
      "minPos": {
        "x": -104.5,
        "y": -119,
        "z": 0
      },
      "maxPos": {
        "x": 104.5,
        "y": 119,
        "z": 0
      }
    },
    "texture": "8f80cfa6-cb4d-4819-913d-55af0a205304@6c48a",
    "packable": true,
    "pixelsToUnit": 100,
    "pivot": {
      "x": 0.5,
      "y": 0.5
    },
    "meshType": 0
  }
}