{
  "__type__": "cc.SpriteFrame",
  "content": {
    "name": "RUN4-01",
    "atlas": "",
    "rect": {
      "x": 16,
      "y": 15,
      "width": 105,
      "height": 143
    },
    "offset": {
      "x": 0.5,
      "y": -5
    },
    "originalSize": {
      "width": 136,
      "height": 163
    },
    "rotated": false,
    "capInsets": [
      0,
      0,
      0,
      0
    ],
    "vertices": {
      "rawPosition": [
        -52.5,
        -71.5,
        0,
        52.5,
        -71.5,
        0,
        -52.5,
        71.5,
        0,
        52.5,
        71.5,
        0
      ],
      "indexes": [
        0,
        1,
        2,
        2,
        1,
        3
      ],
      "uv": [
        16,
        148,
        121,
        148,
        16,
        5,
        121,
        5
      ],
      "nuv": [
        0.11764705882352941,
        0.03067484662576687,
        0.8897058823529411,
        0.03067484662576687,
        0.11764705882352941,
        0.9079754601226994,
        0.8897058823529411,
        0.9079754601226994
      ],
      "minPos": {
        "x": -52.5,
        "y": -71.5,
        "z": 0
      },
      "maxPos": {
        "x": 52.5,
        "y": 71.5,
        "z": 0
      }
    },
    "texture": "d4c35dab-d8e5-4090-9828-70660299de1f@6c48a",
    "packable": true,
    "pixelsToUnit": 100,
    "pivot": {
      "x": 0.5,
      "y": 0.5
    },
    "meshType": 0
  }
}