{
  "__type__": "cc.SpriteFrame",
  "content": {
    "name": "RUN5-01",
    "atlas": "",
    "rect": {
      "x": 6,
      "y": 0,
      "width": 113,
      "height": 139
    },
    "offset": {
      "x": 3,
      "y": 4.5
    },
    "originalSize": {
      "width": 119,
      "height": 148
    },
    "rotated": false,
    "capInsets": [
      0,
      0,
      0,
      0
    ],
    "vertices": {
      "rawPosition": [
        -56.5,
        -69.5,
        0,
        56.5,
        -69.5,
        0,
        -56.5,
        69.5,
        0,
        56.5,
        69.5,
        0
      ],
      "indexes": [
        0,
        1,
        2,
        2,
        1,
        3
      ],
      "uv": [
        6,
        148,
        119,
        148,
        6,
        9,
        119,
        9
      ],
      "nuv": [
        0.05042016806722689,
        0.060810810810810814,
        1,
        0.060810810810810814,
        0.05042016806722689,
        1,
        1,
        1
      ],
      "minPos": {
        "x": -56.5,
        "y": -69.5,
        "z": 0
      },
      "maxPos": {
        "x": 56.5,
        "y": 69.5,
        "z": 0
      }
    },
    "texture": "9ebcd917-7d53-4f6d-990f-11d057f674d2@6c48a",
    "packable": true,
    "pixelsToUnit": 100,
    "pivot": {
      "x": 0.5,
      "y": 0.5
    },
    "meshType": 0
  }
}