{
  "__type__": "cc.SpriteFrame",
  "content": {
    "name": "Explosion_3",
    "atlas": "",
    "rect": {
      "x": 169,
      "y": 321,
      "width": 210,
      "height": 161
    },
    "offset": {
      "x": 14,
      "y": -141.5
    },
    "originalSize": {
      "width": 520,
      "height": 520
    },
    "rotated": false,
    "capInsets": [
      0,
      0,
      0,
      0
    ],
    "vertices": {
      "rawPosition": [
        -105,
        -80.5,
        0,
        105,
        -80.5,
        0,
        -105,
        80.5,
        0,
        105,
        80.5,
        0
      ],
      "indexes": [
        0,
        1,
        2,
        2,
        1,
        3
      ],
      "uv": [
        169,
        199,
        379,
        199,
        169,
        38,
        379,
        38
      ],
      "nuv": [
        0.325,
        0.07307692307692308,
        0.7288461538461538,
        0.07307692307692308,
        0.325,
        0.38269230769230766,
        0.7288461538461538,
        0.38269230769230766
      ],
      "minPos": {
        "x": -105,
        "y": -80.5,
        "z": 0
      },
      "maxPos": {
        "x": 105,
        "y": 80.5,
        "z": 0
      }
    },
    "texture": "0b57fff5-f8f3-49a7-934c-5aba8fcdb09d@6c48a",
    "packable": true,
    "pixelsToUnit": 100,
    "pivot": {
      "x": 0.5,
      "y": 0.5
    },
    "meshType": 0
  }
}