{
  "__type__": "cc.SpriteFrame",
  "content": {
    "name": "10_enemies_1_run_012",
    "atlas": "",
    "rect": {
      "x": 32,
      "y": 37,
      "width": 140,
      "height": 174
    },
    "offset": {
      "x": -32.5,
      "y": -15
    },
    "originalSize": {
      "width": 269,
      "height": 218
    },
    "rotated": false,
    "capInsets": [
      0,
      0,
      0,
      0
    ],
    "vertices": {
      "rawPosition": [
        -70,
        -87,
        0,
        70,
        -87,
        0,
        -70,
        87,
        0,
        70,
        87,
        0
      ],
      "indexes": [
        0,
        1,
        2,
        2,
        1,
        3
      ],
      "uv": [
        32,
        181,
        172,
        181,
        32,
        7,
        172,
        7
      ],
      "nuv": [
        0.11895910780669144,
        0.03211009174311927,
        0.6394052044609665,
        0.03211009174311927,
        0.11895910780669144,
        0.8302752293577982,
        0.6394052044609665,
        0.8302752293577982
      ],
      "minPos": {
        "x": -70,
        "y": -87,
        "z": 0
      },
      "maxPos": {
        "x": 70,
        "y": 87,
        "z": 0
      }
    },
    "texture": "0796bf51-c3d2-4285-b3ec-83228d76c9b7@6c48a",
    "packable": true,
    "pixelsToUnit": 100,
    "pivot": {
      "x": 0.5,
      "y": 0.5
    },
    "meshType": 0
  }
}