{
  "__type__": "cc.SpriteFrame",
  "content": {
    "name": "spr_shield",
    "atlas": "",
    "rect": {
      "x": 6,
      "y": 8,
      "width": 546,
      "height": 541
    },
    "offset": {
      "x": 1,
      "y": -0.5
    },
    "originalSize": {
      "width": 556,
      "height": 556
    },
    "rotated": false,
    "capInsets": [
      0,
      0,
      0,
      0
    ],
    "vertices": {
      "rawPosition": [
        -273,
        -270.5,
        0,
        273,
        -270.5,
        0,
        -273,
        270.5,
        0,
        273,
        270.5,
        0
      ],
      "indexes": [
        0,
        1,
        2,
        2,
        1,
        3
      ],
      "uv": [
        6,
        548,
        552,
        548,
        6,
        7,
        552,
        7
      ],
      "nuv": [
        0.01079136690647482,
        0.012589928057553957,
        0.9928057553956835,
        0.012589928057553957,
        0.01079136690647482,
        0.9856115107913669,
        0.9928057553956835,
        0.9856115107913669
      ],
      "minPos": {
        "x": -273,
        "y": -270.5,
        "z": 0
      },
      "maxPos": {
        "x": 273,
        "y": 270.5,
        "z": 0
      }
    },
    "texture": "0883ab8d-508a-4f14-9f02-4b97c6f41c0e@6c48a",
    "packable": true,
    "pixelsToUnit": 100,
    "pivot": {
      "x": 0.5,
      "y": 0.5
    },
    "meshType": 0
  }
}