{
  "__type__": "cc.SpriteFrame",
  "content": {
    "name": "dan 5-02",
    "atlas": "",
    "rect": {
      "x": 41,
      "y": 28,
      "width": 205,
      "height": 228
    },
    "offset": {
      "x": -9,
      "y": -8.5
    },
    "originalSize": {
      "width": 305,
      "height": 267
    },
    "rotated": false,
    "capInsets": [
      0,
      0,
      0,
      0
    ],
    "vertices": {
      "rawPosition": [
        -102.5,
        -114,
        0,
        102.5,
        -114,
        0,
        -102.5,
        114,
        0,
        102.5,
        114,
        0
      ],
      "indexes": [
        0,
        1,
        2,
        2,
        1,
        3
      ],
      "uv": [
        41,
        239,
        246,
        239,
        41,
        11,
        246,
        11
      ],
      "nuv": [
        0.13442622950819672,
        0.04119850187265917,
        0.8065573770491803,
        0.04119850187265917,
        0.13442622950819672,
        0.8951310861423221,
        0.8065573770491803,
        0.8951310861423221
      ],
      "minPos": {
        "x": -102.5,
        "y": -114,
        "z": 0
      },
      "maxPos": {
        "x": 102.5,
        "y": 114,
        "z": 0
      }
    },
    "texture": "618cbfb3-0706-479d-b3aa-c904780e1fb4@6c48a",
    "packable": true,
    "pixelsToUnit": 100,
    "pivot": {
      "x": 0.5,
      "y": 0.5
    },
    "meshType": 0
  }
}