{
  "__type__": "cc.SpriteFrame",
  "content": {
    "name": "dan 6-02",
    "atlas": "",
    "rect": {
      "x": 40,
      "y": 27,
      "width": 206,
      "height": 230
    },
    "offset": {
      "x": -9.5,
      "y": -8.5
    },
    "originalSize": {
      "width": 305,
      "height": 267
    },
    "rotated": false,
    "capInsets": [
      0,
      0,
      0,
      0
    ],
    "vertices": {
      "rawPosition": [
        -103,
        -115,
        0,
        103,
        -115,
        0,
        -103,
        115,
        0,
        103,
        115,
        0
      ],
      "indexes": [
        0,
        1,
        2,
        2,
        1,
        3
      ],
      "uv": [
        40,
        240,
        246,
        240,
        40,
        10,
        246,
        10
      ],
      "nuv": [
        0.13114754098360656,
        0.03745318352059925,
        0.8065573770491803,
        0.03745318352059925,
        0.13114754098360656,
        0.898876404494382,
        0.8065573770491803,
        0.898876404494382
      ],
      "minPos": {
        "x": -103,
        "y": -115,
        "z": 0
      },
      "maxPos": {
        "x": 103,
        "y": 115,
        "z": 0
      }
    },
    "texture": "0d1aae7c-6ded-4d59-96f6-39a73706bcf3@6c48a",
    "packable": true,
    "pixelsToUnit": 100,
    "pivot": {
      "x": 0.5,
      "y": 0.5
    },
    "meshType": 0
  }
}