{
  "__type__": "cc.SpriteFrame",
  "content": {
    "name": "dan 2-02",
    "atlas": "",
    "rect": {
      "x": 317,
      "y": 327,
      "width": 722,
      "height": 451
    },
    "offset": {
      "x": 68,
      "y": -18
    },
    "originalSize": {
      "width": 1220,
      "height": 1069
    },
    "rotated": false,
    "capInsets": [
      0,
      0,
      0,
      0
    ],
    "vertices": {
      "rawPosition": [
        -361,
        -225.5,
        0,
        361,
        -225.5,
        0,
        -361,
        225.5,
        0,
        361,
        225.5,
        0
      ],
      "indexes": [
        0,
        1,
        2,
        2,
        1,
        3
      ],
      "uv": [
        317,
        742,
        1039,
        742,
        317,
        291,
        1039,
        291
      ],
      "nuv": [
        0.2598360655737705,
        0.2722170252572498,
        0.851639344262295,
        0.2722170252572498,
        0.2598360655737705,
        0.6941066417212348,
        0.851639344262295,
        0.6941066417212348
      ],
      "minPos": {
        "x": -361,
        "y": -225.5,
        "z": 0
      },
      "maxPos": {
        "x": 361,
        "y": 225.5,
        "z": 0
      }
    },
    "texture": "0da698a6-7f86-4acc-9925-4c0f817ee8a2@6c48a",
    "packable": true,
    "pixelsToUnit": 100,
    "pivot": {
      "x": 0.5,
      "y": 0.5
    },
    "meshType": 0
  }
}