{
  "__type__": "cc.SpriteFrame",
  "content": {
    "name": "dan 2-02",
    "atlas": "",
    "rect": {
      "x": 79,
      "y": 81,
      "width": 181,
      "height": 113
    },
    "offset": {
      "x": 17,
      "y": -4
    },
    "originalSize": {
      "width": 305,
      "height": 267
    },
    "rotated": false,
    "capInsets": [
      0,
      0,
      0,
      0
    ],
    "vertices": {
      "rawPosition": [
        -90.5,
        -56.5,
        0,
        90.5,
        -56.5,
        0,
        -90.5,
        56.5,
        0,
        90.5,
        56.5,
        0
      ],
      "indexes": [
        0,
        1,
        2,
        2,
        1,
        3
      ],
      "uv": [
        79,
        186,
        260,
        186,
        79,
        73,
        260,
        73
      ],
      "nuv": [
        0.25901639344262295,
        0.27340823970037453,
        0.8524590163934426,
        0.27340823970037453,
        0.25901639344262295,
        0.6966292134831461,
        0.8524590163934426,
        0.6966292134831461
      ],
      "minPos": {
        "x": -90.5,
        "y": -56.5,
        "z": 0
      },
      "maxPos": {
        "x": 90.5,
        "y": 56.5,
        "z": 0
      }
    },
    "texture": "bb97d8f6-dc59-4b82-8339-e0e1dd9bb823@6c48a",
    "packable": true,
    "pixelsToUnit": 100,
    "pivot": {
      "x": 0.5,
      "y": 0.5
    },
    "meshType": 0
  }
}