{
  "__type__": "cc.SpriteFrame",
  "content": {
    "name": "fly2",
    "atlas": "",
    "rect": {
      "x": 16,
      "y": 86,
      "width": 594,
      "height": 406
    },
    "offset": {
      "x": -4,
      "y": -33
    },
    "originalSize": {
      "width": 634,
      "height": 512
    },
    "rotated": false,
    "capInsets": [
      0,
      0,
      0,
      0
    ],
    "vertices": {
      "rawPosition": [
        -297,
        -203,
        0,
        297,
        -203,
        0,
        -297,
        203,
        0,
        297,
        203,
        0
      ],
      "indexes": [
        0,
        1,
        2,
        2,
        1,
        3
      ],
      "uv": [
        16,
        426,
        610,
        426,
        16,
        20,
        610,
        20
      ],
      "nuv": [
        0.025236593059936908,
        0.0390625,
        0.9621451104100947,
        0.0390625,
        0.025236593059936908,
        0.83203125,
        0.9621451104100947,
        0.83203125
      ],
      "minPos": {
        "x": -297,
        "y": -203,
        "z": 0
      },
      "maxPos": {
        "x": 297,
        "y": 203,
        "z": 0
      }
    },
    "texture": "b739e044-1876-430b-bb6d-179c0bb849c4@6c48a",
    "packable": true,
    "pixelsToUnit": 100,
    "pivot": {
      "x": 0.5,
      "y": 0.5
    },
    "meshType": 0
  }
}