{
  "__type__": "cc.SpriteFrame",
  "content": {
    "name": "Explosion_9",
    "atlas": "",
    "rect": {
      "x": 7,
      "y": 162,
      "width": 508,
      "height": 338
    },
    "offset": {
      "x": 1,
      "y": -71
    },
    "originalSize": {
      "width": 520,
      "height": 520
    },
    "rotated": false,
    "capInsets": [
      0,
      0,
      0,
      0
    ],
    "vertices": {
      "rawPosition": [
        -254,
        -169,
        0,
        254,
        -169,
        0,
        -254,
        169,
        0,
        254,
        169,
        0
      ],
      "indexes": [
        0,
        1,
        2,
        2,
        1,
        3
      ],
      "uv": [
        7,
        358,
        515,
        358,
        7,
        20,
        515,
        20
      ],
      "nuv": [
        0.013461538461538462,
        0.038461538461538464,
        0.9903846153846154,
        0.038461538461538464,
        0.013461538461538462,
        0.6884615384615385,
        0.9903846153846154,
        0.6884615384615385
      ],
      "minPos": {
        "x": -254,
        "y": -169,
        "z": 0
      },
      "maxPos": {
        "x": 254,
        "y": 169,
        "z": 0
      }
    },
    "texture": "7fa6dac3-2cec-41d3-8372-ae800d34fe89@6c48a",
    "packable": true,
    "pixelsToUnit": 100,
    "pivot": {
      "x": 0.5,
      "y": 0.5
    },
    "meshType": 0
  }
}