{
  "__type__": "cc.SpriteFrame",
  "content": {
    "name": "Explosion_9",
    "atlas": "",
    "rect": {
      "x": 3,
      "y": 27,
      "width": 545,
      "height": 498
    },
    "offset": {
      "x": 0.5,
      "y": -1
    },
    "originalSize": {
      "width": 550,
      "height": 550
    },
    "rotated": false,
    "capInsets": [
      0,
      0,
      0,
      0
    ],
    "vertices": {
      "rawPosition": [
        -272.5,
        -249,
        0,
        272.5,
        -249,
        0,
        -272.5,
        249,
        0,
        272.5,
        249,
        0
      ],
      "indexes": [
        0,
        1,
        2,
        2,
        1,
        3
      ],
      "uv": [
        3,
        523,
        548,
        523,
        3,
        25,
        548,
        25
      ],
      "nuv": [
        0.005454545454545455,
        0.045454545454545456,
        0.9963636363636363,
        0.045454545454545456,
        0.005454545454545455,
        0.9509090909090909,
        0.9963636363636363,
        0.9509090909090909
      ],
      "minPos": {
        "x": -272.5,
        "y": -249,
        "z": 0
      },
      "maxPos": {
        "x": 272.5,
        "y": 249,
        "z": 0
      }
    },
    "texture": "1d5e49a3-34c3-42fd-9377-8e9885e4ada9@6c48a",
    "packable": true,
    "pixelsToUnit": 100,
    "pivot": {
      "x": 0.5,
      "y": 0.5
    },
    "meshType": 0
  }
}