{
  "__type__": "cc.SpriteFrame",
  "content": {
    "name": "dan 03-02",
    "atlas": "",
    "rect": {
      "x": 43,
      "y": 36,
      "width": 218,
      "height": 188
    },
    "offset": {
      "x": -0.5,
      "y": 3.5
    },
    "originalSize": {
      "width": 305,
      "height": 267
    },
    "rotated": false,
    "capInsets": [
      0,
      0,
      0,
      0
    ],
    "vertices": {
      "rawPosition": [
        -109,
        -94,
        0,
        109,
        -94,
        0,
        -109,
        94,
        0,
        109,
        94,
        0
      ],
      "indexes": [
        0,
        1,
        2,
        2,
        1,
        3
      ],
      "uv": [
        43,
        231,
        261,
        231,
        43,
        43,
        261,
        43
      ],
      "nuv": [
        0.14098360655737704,
        0.16104868913857678,
        0.8557377049180328,
        0.16104868913857678,
        0.14098360655737704,
        0.8651685393258427,
        0.8557377049180328,
        0.8651685393258427
      ],
      "minPos": {
        "x": -109,
        "y": -94,
        "z": 0
      },
      "maxPos": {
        "x": 109,
        "y": 94,
        "z": 0
      }
    },
    "texture": "1000b67e-d7ae-4419-8f27-e5ed2dda6e4b@6c48a",
    "packable": true,
    "pixelsToUnit": 100,
    "pivot": {
      "x": 0.5,
      "y": 0.5
    },
    "meshType": 0
  }
}