{
  "__type__": "cc.SpriteFrame",
  "content": {
    "name": "10_enemies_1_run_009",
    "atlas": "",
    "rect": {
      "x": 31,
      "y": 37,
      "width": 139,
      "height": 174
    },
    "offset": {
      "x": -34,
      "y": -15
    },
    "originalSize": {
      "width": 269,
      "height": 218
    },
    "rotated": false,
    "capInsets": [
      0,
      0,
      0,
      0
    ],
    "vertices": {
      "rawPosition": [
        -69.5,
        -87,
        0,
        69.5,
        -87,
        0,
        -69.5,
        87,
        0,
        69.5,
        87,
        0
      ],
      "indexes": [
        0,
        1,
        2,
        2,
        1,
        3
      ],
      "uv": [
        31,
        181,
        170,
        181,
        31,
        7,
        170,
        7
      ],
      "nuv": [
        0.11524163568773234,
        0.03211009174311927,
        0.6319702602230484,
        0.03211009174311927,
        0.11524163568773234,
        0.8302752293577982,
        0.6319702602230484,
        0.8302752293577982
      ],
      "minPos": {
        "x": -69.5,
        "y": -87,
        "z": 0
      },
      "maxPos": {
        "x": 69.5,
        "y": 87,
        "z": 0
      }
    },
    "texture": "6c97a2fd-6e12-41c5-8987-108b1863e450@6c48a",
    "packable": true,
    "pixelsToUnit": 100,
    "pivot": {
      "x": 0.5,
      "y": 0.5
    },
    "meshType": 0
  }
}