{
  "__type__": "cc.SpriteFrame",
  "content": {
    "name": "Explosion_7",
    "atlas": "",
    "rect": {
      "x": 31,
      "y": 185,
      "width": 460,
      "height": 314
    },
    "offset": {
      "x": 1,
      "y": -82
    },
    "originalSize": {
      "width": 520,
      "height": 520
    },
    "rotated": false,
    "capInsets": [
      0,
      0,
      0,
      0
    ],
    "vertices": {
      "rawPosition": [
        -230,
        -157,
        0,
        230,
        -157,
        0,
        -230,
        157,
        0,
        230,
        157,
        0
      ],
      "indexes": [
        0,
        1,
        2,
        2,
        1,
        3
      ],
      "uv": [
        31,
        335,
        491,
        335,
        31,
        21,
        491,
        21
      ],
      "nuv": [
        0.05961538461538462,
        0.04038461538461539,
        0.9442307692307692,
        0.04038461538461539,
        0.05961538461538462,
        0.6442307692307693,
        0.9442307692307692,
        0.6442307692307693
      ],
      "minPos": {
        "x": -230,
        "y": -157,
        "z": 0
      },
      "maxPos": {
        "x": 230,
        "y": 157,
        "z": 0
      }
    },
    "texture": "6cdfd7e6-60b1-41f7-9d6b-7d727906d184@6c48a",
    "packable": true,
    "pixelsToUnit": 100,
    "pivot": {
      "x": 0.5,
      "y": 0.5
    },
    "meshType": 0
  }
}