{
  "__type__": "cc.SpriteFrame",
  "content": {
    "name": "pngwing.com (1)",
    "atlas": "",
    "rect": {
      "x": 106,
      "y": 94,
      "width": 988,
      "height": 988
    },
    "offset": {
      "x": 0,
      "y": 12
    },
    "originalSize": {
      "width": 1200,
      "height": 1200
    },
    "rotated": false,
    "capInsets": [
      0,
      0,
      0,
      0
    ],
    "vertices": {
      "rawPosition": [
        -494,
        -494,
        0,
        494,
        -494,
        0,
        -494,
        494,
        0,
        494,
        494,
        0
      ],
      "indexes": [
        0,
        1,
        2,
        2,
        1,
        3
      ],
      "uv": [
        106,
        1106,
        1094,
        1106,
        106,
        118,
        1094,
        118
      ],
      "nuv": [
        0.08833333333333333,
        0.09833333333333333,
        0.9116666666666666,
        0.09833333333333333,
        0.08833333333333333,
        0.9216666666666666,
        0.9116666666666666,
        0.9216666666666666
      ],
      "minPos": {
        "x": -494,
        "y": -494,
        "z": 0
      },
      "maxPos": {
        "x": 494,
        "y": 494,
        "z": 0
      }
    },
    "texture": "8bb10e6f-8a92-4596-b0f9-80e23363fae9@6c48a",
    "packable": true,
    "pixelsToUnit": 100,
    "pivot": {
      "x": 0.5,
      "y": 0.5
    },
    "meshType": 0
  }
}