{
  "__type__": "cc.SpriteFrame",
  "content": {
    "name": "die3",
    "atlas": "",
    "rect": {
      "x": 41,
      "y": 53,
      "width": 552,
      "height": 456
    },
    "offset": {
      "x": 0.5,
      "y": -3.5
    },
    "originalSize": {
      "width": 633,
      "height": 555
    },
    "rotated": false,
    "capInsets": [
      0,
      0,
      0,
      0
    ],
    "vertices": {
      "rawPosition": [
        -276,
        -228,
        0,
        276,
        -228,
        0,
        -276,
        228,
        0,
        276,
        228,
        0
      ],
      "indexes": [
        0,
        1,
        2,
        2,
        1,
        3
      ],
      "uv": [
        41,
        502,
        593,
        502,
        41,
        46,
        593,
        46
      ],
      "nuv": [
        0.06477093206951026,
        0.08288288288288288,
        0.9368088467614534,
        0.08288288288288288,
        0.06477093206951026,
        0.9045045045045045,
        0.9368088467614534,
        0.9045045045045045
      ],
      "minPos": {
        "x": -276,
        "y": -228,
        "z": 0
      },
      "maxPos": {
        "x": 276,
        "y": 228,
        "z": 0
      }
    },
    "texture": "8bdb19ef-3f29-4474-8cbe-a0418ed30501@6c48a",
    "packable": true,
    "pixelsToUnit": 100,
    "pivot": {
      "x": 0.5,
      "y": 0.5
    },
    "meshType": 0
  }
}