{
  "__type__": "cc.SpriteFrame",
  "content": {
    "name": "gameover-04",
    "atlas": "",
    "rect": {
      "x": 3,
      "y": 5,
      "width": 538,
      "height": 75
    },
    "offset": {
      "x": -1,
      "y": 0.5
    },
    "originalSize": {
      "width": 546,
      "height": 86
    },
    "rotated": false,
    "capInsets": [
      0,
      0,
      0,
      0
    ],
    "vertices": {
      "rawPosition": [
        -269,
        -37.5,
        0,
        269,
        -37.5,
        0,
        -269,
        37.5,
        0,
        269,
        37.5,
        0
      ],
      "indexes": [
        0,
        1,
        2,
        2,
        1,
        3
      ],
      "uv": [
        3,
        81,
        541,
        81,
        3,
        6,
        541,
        6
      ],
      "nuv": [
        0.005494505494505495,
        0.06976744186046512,
        0.9908424908424909,
        0.06976744186046512,
        0.005494505494505495,
        0.9418604651162791,
        0.9908424908424909,
        0.9418604651162791
      ],
      "minPos": {
        "x": -269,
        "y": -37.5,
        "z": 0
      },
      "maxPos": {
        "x": 269,
        "y": 37.5,
        "z": 0
      }
    },
    "texture": "bc5d0239-8218-4891-8c9f-19b8eb0c44a1@6c48a",
    "packable": true,
    "pixelsToUnit": 100,
    "pivot": {
      "x": 0.5,
      "y": 0.5
    },
    "meshType": 0
  }
}