{
  "__type__": "cc.SpriteFrame",
  "content": {
    "name": "RUN2-01",
    "atlas": "",
    "rect": {
      "x": 0,
      "y": 0,
      "width": 119,
      "height": 137
    },
    "offset": {
      "x": 0,
      "y": 5.5
    },
    "originalSize": {
      "width": 119,
      "height": 148
    },
    "rotated": false,
    "capInsets": [
      0,
      0,
      0,
      0
    ],
    "vertices": {
      "rawPosition": [
        -59.5,
        -68.5,
        0,
        59.5,
        -68.5,
        0,
        -59.5,
        68.5,
        0,
        59.5,
        68.5,
        0
      ],
      "indexes": [
        0,
        1,
        2,
        2,
        1,
        3
      ],
      "uv": [
        0,
        148,
        119,
        148,
        0,
        11,
        119,
        11
      ],
      "nuv": [
        0,
        0.07432432432432433,
        1,
        0.07432432432432433,
        0,
        1,
        1,
        1
      ],
      "minPos": {
        "x": -59.5,
        "y": -68.5,
        "z": 0
      },
      "maxPos": {
        "x": 59.5,
        "y": 68.5,
        "z": 0
      }
    },
    "texture": "3131c058-5a52-4673-8af9-cda5da9b5942@6c48a",
    "packable": true,
    "pixelsToUnit": 100,
    "pivot": {
      "x": 0.5,
      "y": 0.5
    },
    "meshType": 0
  }
}