{
  "__type__": "cc.SpriteFrame",
  "content": {
    "name": "enemy1-2",
    "atlas": "",
    "rect": {
      "x": 70,
      "y": 55,
      "width": 165,
      "height": 197
    },
    "offset": {
      "x": 5.5,
      "y": -16
    },
    "originalSize": {
      "width": 294,
      "height": 275
    },
    "rotated": false,
    "capInsets": [
      0,
      0,
      0,
      0
    ],
    "vertices": {
      "rawPosition": [
        -82.5,
        -98.5,
        0,
        82.5,
        -98.5,
        0,
        -82.5,
        98.5,
        0,
        82.5,
        98.5,
        0
      ],
      "indexes": [
        0,
        1,
        2,
        2,
        1,
        3
      ],
      "uv": [
        70,
        220,
        235,
        220,
        70,
        23,
        235,
        23
      ],
      "nuv": [
        0.23809523809523808,
        0.08363636363636363,
        0.7993197278911565,
        0.08363636363636363,
        0.23809523809523808,
        0.8,
        0.7993197278911565,
        0.8
      ],
      "minPos": {
        "x": -82.5,
        "y": -98.5,
        "z": 0
      },
      "maxPos": {
        "x": 82.5,
        "y": 98.5,
        "z": 0
      }
    },
    "texture": "a214101b-ff20-498b-81ed-00b51c9467b7@6c48a",
    "packable": true,
    "pixelsToUnit": 100,
    "pivot": {
      "x": 0.5,
      "y": 0.5
    },
    "meshType": 0
  }
}